ཀ,as a postfix,གཉིས་ཀ,དཔྱིད་ཀ,,,,,,,,,,,,,,,,,,,,,,,,,,,,,,,,,,
,,,,,,,,,,,,,,,,,,,,,,,,,,,,,,,,,,,,,
ཀུན,as a prefix,ཀུན་རྫོབ,,,,,,,,,,,,,,,,,,,,,,,,,,,,,,,,,,,
,,,,,,,,,,,,,,,,,,,,,,,,,,,,,,,,,,,,,
ཀྱང,as a postfix,འོན་ཀྱང,,,,,,,,,,,,,,,,,,,,,,,,,,,,,,,,,,,
,,,,,,,,,,,,,,,,,,,,,,,,,,,,,,,,,,,,,
ཀྱོག,as a prefix,ཀྱོག་པོ,,,,,,,,,,,,,,,,,,,,,,,,,,,,,,,,,,,
,,,,,,,,,,,,,,,,,,,,,,,,,,,,,,,,,,,,,
ཀློང,as a prefix,ཀློང་ཆེན,,,,,,,,,,,,,,,,,,,,,,,,,,,,,,,,,,,
,,,,,,,,,,,,,,,,,,,,,,,,,,,,,,,,,,,,,
དཀྱིལ,as a prefix,དཀྱིལ་འཁོར,དཀྱིལ་མོ་ཀྲུང,,,,,,,,,,,,,,,,,,,,,,,,,,,,,,,,,,
,,,,,,,,,,,,,,,,,,,,,,,,,,,,,,,,,,,,,
བཀུར,as a prefix,བཀུར་སྟི,,,,,,,,,,,,,,,,,,,,,,,,,,,,,,,,,,,
བཀུར,as a postfix,བསྙེན་བཀུར,,,,,,,,,,,,,,,,,,,,,,,,,,,,,,,,,,,
,,,,,,,,,,,,,,,,,,,,,,,,,,,,,,,,,,,,,
བཀོད,as a prefix,བཀོད་མ,,,,,,,,,,,,,,,,,,,,,,,,,,,,,,,,,,,
,,,,,,,,,,,,,,,,,,,,,,,,,,,,,,,,,,,,,
རྐུན,as a prefix,རྐུན་མ,,,,,,,,,,,,,,,,,,,,,,,,,,,,,,,,,,,
རྐུན,as a postfix,ཆོམ་རྐུན,,,,,,,,,,,,,,,,,,,,,,,,,,,,,,,,,,,
,,,,,,,,,,,,,,,,,,,,,,,,,,,,,,,,,,,,,
སྐད,as a prefix,སྐད་ཅིག,,,,,,,,,,,,,,,,,,,,,,,,,,,,,,,,,,,
སྐད,as a postfix,ཇི་སྐད,འདི་སྐད,,,,,,,,,,,,,,,,,,,,,,,,,,,,,,,,,,
,,,,,,,,,,,,,,,,,,,,,,,,,,,,,,,,,,,,,
སྐབས,as a postfix,གོ་སྐབས,གནས་སྐབས,,,,,,,,,,,,,,,,,,,,,,,,,,,,,,,,,,
,,,,,,,,,,,,,,,,,,,,,,,,,,,,,,,,,,,,,
སྐར,as a prefix,སྐར་ཁུང,སྐར་མ,སྐར་རྩིས,,,,,,,,,,,,,,,,,,,,,,,,,,,,,,,,,
སྐར,as a postfix,རྒྱུ་སྐར,,,,,,,,,,,,,,,,,,,,,,,,,,,,,,,,,,,
,,,,,,,,,,,,,,,,,,,,,,,,,,,,,,,,,,,,,
སྐེ,as a prefix,སྐེ་རགས,,,,,,,,,,,,,,,,,,,,,,,,,,,,,,,,,,,
,,,,,,,,,,,,,,,,,,,,,,,,,,,,,,,,,,,,,
སྐྱུ་རུ,as a prefix,སྐྱུ་རུ་ར,,,,,,,,,,,,,,,,,,,,,,,,,,,,,,,,,,,
,,,,,,,,,,,,,,,,,,,,,,,,,,,,,,,,,,,,,
སྐྱེ,as a prefix,སྐྱེ་མཆེད,སྐྱེ་གནས,སྐྱེ་བོ,,,,,,,,,,,,,,,,,,,,,,,,,,,,,,,,,
,,,,,,,,,,,,,,,,,,,,,,,,,,,,,,,,,,,,,
སྐྱེས,as a prefix,སྐྱེས་བུ,,,,,,,,,,,,,,,,,,,,,,,,,,,,,,,,,,,
སྐྱེས,as a postfix,ཝ་སྐྱེས,,,,,,,,,,,,,,,,,,,,,,,,,,,,,,,,,,,
,,,,,,,,,,,,,,,,,,,,,,,,,,,,,,,,,,,,,
སྐྲ,as a postfix,དབུ་སྐྲ,,,,,,,,,,,,,,,,,,,,,,,,,,,,,,,,,,,
,,,,,,,,,,,,,,,,,,,,,,,,,,,,,,,,,,,,,
ཁ,as a prefix,ཁ་ཅིག,ཁ་ཏོན,ཁ་དོག,ཁ་ན་མ་ཐོ,ཁ་ཟས,ཁ་རོག,,,,,,,,,,,,,,,,,,,,,,,,,,,,,,
,,,,,,,,,,,,,,,,,,,,,,,,,,,,,,,,,,,,,
ཁང,as a postfix,གཙུག་ལག་ཁང,,,,,,,,,,,,,,,,,,,,,,,,,,,,,,,,,,,
,,,,,,,,,,,,,,,,,,,,,,,,,,,,,,,,,,,,,
ཁུ,as a prefix,ཁུ་ཚུར,,,,,,,,,,,,,,,,,,,,,,,,,,,,,,,,,,,
,,,,,,,,,,,,,,,,,,,,,,,,,,,,,,,,,,,,,
ཁུང,as a prefix,ཁུང་བུ,,,,,,,,,,,,,,,,,,,,,,,,,,,,,,,,,,,
ཁུང,as a postfix,སྐར་ཁུང,མཆན་ཁུང,འཆན་ཁུང,ཐབ་ཁུང,ཐལ་ཁུང,སྣ་ཁུང,མུན་ཁུང,ས་ཁུང,ཧོམ་ཁུང,,,,,,,,,,,,,,,,,,,,,,,,,,,
,,,,,,,,,,,,,,,,,,,,,,,,,,,,,,,,,,,,,
ཁོ,as a prefix,ཁོ་ན,ཁོ་བོ,ཁོ་ལག,,,,,,,,,,,,,,,,,,,,,,,,,,,,,,,,,
,,,,,,,,,,,,,,,,,,,,,,,,,,,,,,,,,,,,,
ཁོང,as a prefix,ཁོང་སྟོང,,,,,,,,,,,,,,,,,,,,,,,,,,,,,,,,,,,
,,,,,,,,,,,,,,,,,,,,,,,,,,,,,,,,,,,,,
ཁྱད,as a prefix,ཁྱད་པར,,,,,,,,,,,,,,,,,,,,,,,,,,,,,,,,,,,
,,,,,,,,,,,,,,,,,,,,,,,,,,,,,,,,,,,,,
ཁྱིམ,as a prefix,ཁྱིམ་ཐབ,ཁྱིམ་བདག,,,,,,,,,,,,,,,,,,,,,,,,,,,,,,,,,,
ཁྱིམ,as a postfix,གསུས་ཁྱིམ,,,,,,,,,,,,,,,,,,,,,,,,,,,,,,,,,,,
,,,,,,,,,,,,,,,,,,,,,,,,,,,,,,,,,,,,,
ཁྱུང,as a prefix,ཁྱུང་ཆེན,,,,,,,,,,,,,,,,,,,,,,,,,,,,,,,,,,,
ཁྱུང,as a postfix,བྱ་ཁྱུང,,,,,,,,,,,,,,,,,,,,,,,,,,,,,,,,,,,
,,,,,,,,,,,,,,,,,,,,,,,,,,,,,,,,,,,,,
ཁྱུད,as a prefix,ཁྱུད་མོ,,,,,,,,,,,,,,,,,,,,,,,,,,,,,,,,,,,
ཁྱུད,as a postfix,སྒོ་ཁྱུད,མུ་ཁྱུད,,,,,,,,,,,,,,,,,,,,,,,,,,,,,,,,,,
,,,,,,,,,,,,,,,,,,,,,,,,,,,,,,,,,,,,,
ཁྱེད,as a prefix,ཁྱེད་ཅག,,,,,,,,,,,,,,,,,,,,,,,,,,,,,,,,,,,
,,,,,,,,,,,,,,,,,,,,,,,,,,,,,,,,,,,,,
ཁྱེར,as a postfix,གྲོང་ཁྱེར,,,,,,,,,,,,,,,,,,,,,,,,,,,,,,,,,,,
,,,,,,,,,,,,,,,,,,,,,,,,,,,,,,,,,,,,,
ཁྲག,as a prefix,ཁྲག་ཁྲིག,,,,,,,,,,,,,,,,,,,,,,,,,,,,,,,,,,,
,,,,,,,,,,,,,,,,,,,,,,,,,,,,,,,,,,,,,
ཁྲི,as a prefix,ཁྲི་ཕྲག,,,,,,,,,,,,,,,,,,,,,,,,,,,,,,,,,,,
ཁྲི,as a postfix,ལི་ཁྲི,,,,,,,,,,,,,,,,,,,,,,,,,,,,,,,,,,,
,,,,,,,,,,,,,,,,,,,,,,,,,,,,,,,,,,,,,
ཁྲིམས,as a postfix,ཚུལ་ཁྲིམས,,,,,,,,,,,,,,,,,,,,,,,,,,,,,,,,,,,
,,,,,,,,,,,,,,,,,,,,,,,,,,,,,,,,,,,,,
ཁྲོད,as a postfix,དུར་ཁྲོད,,,,,,,,,,,,,,,,,,,,,,,,,,,,,,,,,,,
,,,,,,,,,,,,,,,,,,,,,,,,,,,,,,,,,,,,,
མཁའ,as a postfix,ནམ་མཁའ,,,,,,,,,,,,,,,,,,,,,,,,,,,,,,,,,,,
,,,,,,,,,,,,,,,,,,,,,,,,,,,,,,,,,,,,,
འཁོར,as a prefix,འཁོར་ཡུག,འཁོར་ལོ,,,,,,,,,,,,,,,,,,,,,,,,,,,,,,,,,,
འཁོར,as a postfix,དཀྱིལ་འཁོར,,,,,,,,,,,,,,,,,,,,,,,,,,,,,,,,,,,
,,,,,,,,,,,,,,,,,,,,,,,,,,,,,,,,,,,,,
ག,as a postfix,གྲོ་ག,ཆོ་ག,བུ་ག,ཡལ་ག,,,,,,,,,,,,,,,,,,,,,,,,,,,,,,,,
,,,,,,,,,,,,,,,,,,,,,,,,,,,,,,,,,,,,,
གང,as a prefix,གང་དག,གང་ཞིག,གང་ཟག,,,,,,,,,,,,,,,,,,,,,,,,,,,,,,,,,
,,,,,,,,,,,,,,,,,,,,,,,,,,,,,,,,,,,,,
གལ,as a prefix,གལ་ཆེ,གལ་ཏེ,,,,,,,,,,,,,,,,,,,,,,,,,,,,,,,,,,
,,,,,,,,,,,,,,,,,,,,,,,,,,,,,,,,,,,,,
གི,as a prefix,གི་ཝང,,,,,,,,,,,,,,,,,,,,,,,,,,,,,,,,,,,
,,,,,,,,,,,,,,,,,,,,,,,,,,,,,,,,,,,,,
གུ,as a prefix,གུ་གུལ,གུ་ལང,,,,,,,,,,,,,,,,,,,,,,,,,,,,,,,,,,
གུ,as an infix,ལུ་གུ་རྒྱུད,,,,,,,,,,,,,,,,,,,,,,,,,,,,,,,,,,,
གུ,as a postfix,ལྗང་གུ,གདུ་གུ,ཕ་གུ,ཕྲུ་གུ,ཕྲུག་གུ,མྱུ་གུ,སྨྱུ་གུ,ཚི་གུ,,,,,,,,,,,,,,,,,,,,,,,,,,,,
,,,,,,,,,,,,,,,,,,,,,,,,,,,,,,,,,,,,,
གུག,as a postfix,གྲི་གུག,,,,,,,,,,,,,,,,,,,,,,,,,,,,,,,,,,,
,,,,,,,,,,,,,,,,,,,,,,,,,,,,,,,,,,,,,
གུང,as a prefix,གུང་མོ,,,,,,,,,,,,,,,,,,,,,,,,,,,,,,,,,,,
,,,,,,,,,,,,,,,,,,,,,,,,,,,,,,,,,,,,,
གུར,as a prefix,གུར་ཀུམ,གུར་གུམ,,,,,,,,,,,,,,,,,,,,,,,,,,,,,,,,,,
,,,,,,,,,,,,,,,,,,,,,,,,,,,,,,,,,,,,,
གོ,as a prefix,གོ་སྐབས,གོ་ཆ,གོ་རིམས,,,,,,,,,,,,,,,,,,,,,,,,,,,,,,,,,
,,,,,,,,,,,,,,,,,,,,,,,,,,,,,,,,,,,,,
གོང,as a prefix,གོང་མ,,,,,,,,,,,,,,,,,,,,,,,,,,,,,,,,,,,
,,,,,,,,,,,,,,,,,,,,,,,,,,,,,,,,,,,,,
གོས,as a postfix,ཆོས་གོས,བླ་གོས,,,,,,,,,,,,,,,,,,,,,,,,,,,,,,,,,,
,,,,,,,,,,,,,,,,,,,,,,,,,,,,,,,,,,,,,
གྲངས,as a prefix,གྲངས་མེད,,,,,,,,,,,,,,,,,,,,,,,,,,,,,,,,,,,
,,,,,,,,,,,,,,,,,,,,,,,,,,,,,,,,,,,,,
གྲི,as a prefix,གྲི་གུག,,,,,,,,,,,,,,,,,,,,,,,,,,,,,,,,,,,
གྲི,as a postfix,སྤུ་གྲི,རལ་གྲི,,,,,,,,,,,,,,,,,,,,,,,,,,,,,,,,,,
,,,,,,,,,,,,,,,,,,,,,,,,,,,,,,,,,,,,,
གྲོ,as a prefix,གྲོ་ག,,,,,,,,,,,,,,,,,,,,,,,,,,,,,,,,,,,
གྲོ,as a postfix,རིམ་གྲོ,,,,,,,,,,,,,,,,,,,,,,,,,,,,,,,,,,,
,,,,,,,,,,,,,,,,,,,,,,,,,,,,,,,,,,,,,
གྲོང,as a prefix,གྲོང་ཁྱེར,གྲོང་རྡལ,,,,,,,,,,,,,,,,,,,,,,,,,,,,,,,,,,
,,,,,,,,,,,,,,,,,,,,,,,,,,,,,,,,,,,,,
གྲོས,as a postfix,བློ་གྲོས,,,,,,,,,,,,,,,,,,,,,,,,,,,,,,,,,,,
,,,,,,,,,,,,,,,,,,,,,,,,,,,,,,,,,,,,,
གླང,as a prefix,གླང་ཆེན,གླང་པོ་ཆེ,,,,,,,,,,,,,,,,,,,,,,,,,,,,,,,,,,
,,,,,,,,,,,,,,,,,,,,,,,,,,,,,,,,,,,,,
གློ,as a prefix,གློ་བུར,,,,,,,,,,,,,,,,,,,,,,,,,,,,,,,,,,,
,,,,,,,,,,,,,,,,,,,,,,,,,,,,,,,,,,,,,
དགའ,as a prefix,དགའ་སྟོན,,,,,,,,,,,,,,,,,,,,,,,,,,,,,,,,,,,
,,,,,,,,,,,,,,,,,,,,,,,,,,,,,,,,,,,,,
དགུ,as a prefix,དགུ་པོ,,,,,,,,,,,,,,,,,,,,,,,,,,,,,,,,,,,
དགུ,as a postfix,བཅུ་དགུ,,,,,,,,,,,,,,,,,,,,,,,,,,,,,,,,,,,
,,,,,,,,,,,,,,,,,,,,,,,,,,,,,,,,,,,,,
དགེ,as a prefix,དགེ་འདུན,དགེ་སྦྱོང,དགེ་སློང,,,,,,,,,,,,,,,,,,,,,,,,,,,,,,,,,
དགེ,as a postfix,མི་དགེ,,,,,,,,,,,,,,,,,,,,,,,,,,,,,,,,,,,
,,,,,,,,,,,,,,,,,,,,,,,,,,,,,,,,,,,,,
དགྲ,as a prefix,དགྲ་བཅོམ,དགྲ་སྟ,,,,,,,,,,,,,,,,,,,,,,,,,,,,,,,,,,
,,,,,,,,,,,,,,,,,,,,,,,,,,,,,,,,,,,,,
མགོ,as a prefix,མགོ་བོ,,,,,,,,,,,,,,,,,,,,,,,,,,,,,,,,,,,
,,,,,,,,,,,,,,,,,,,,,,,,,,,,,,,,,,,,,
འགའ,as a prefix,འགའ་ཞིག,,,,,,,,,,,,,,,,,,,,,,,,,,,,,,,,,,,
,,,,,,,,,,,,,,,,,,,,,,,,,,,,,,,,,,,,,
འགྲོ,as a postfix,ངན་འགྲོ,དུད་འགྲོ,བདེ་འགྲོ,བྲང་འགྲོ,,,,,,,,,,,,,,,,,,,,,,,,,,,,,,,,
,,,,,,,,,,,,,,,,,,,,,,,,,,,,,,,,,,,,,
རྒན,as a prefix,རྒན་རབས,,,,,,,,,,,,,,,,,,,,,,,,,,,,,,,,,,,
,,,,,,,,,,,,,,,,,,,,,,,,,,,,,,,,,,,,,
རྒྱ,as a prefix,རྒྱ་སྐྱེགས,རྒྱ་གར,རྒྱ་མཚོ,,,,,,,,,,,,,,,,,,,,,,,,,,,,,,,,,
,,,,,,,,,,,,,,,,,,,,,,,,,,,,,,,,,,,,,
རྒྱན,as a postfix,ཨུ་རྒྱན,ཨོ་རྒྱན,,,,,,,,,,,,,,,,,,,,,,,,,,,,,,,,,,
,,,,,,,,,,,,,,,,,,,,,,,,,,,,,,,,,,,,,
རྒྱབ,as a prefix,རྒྱབ་ཡོལ་,,,,,,,,,,,,,,,,,,,,,,,,,,,,,,,,,,,
,,,,,,,,,,,,,,,,,,,,,,,,,,,,,,,,,,,,,
རྒྱལ,as a prefix,རྒྱལ་ཆེན,རྒྱལ་པོ,རྒྱལ་རིགས,རྒྱལ་སྲིད,,,,,,,,,,,,,,,,,,,,,,,,,,,,,,,,
རྒྱལ,as a postfix,ང་རྒྱལ,,,,,,,,,,,,,,,,,,,,,,,,,,,,,,,,,,,
,,,,,,,,,,,,,,,,,,,,,,,,,,,,,,,,,,,,,
རྒྱས,as a postfix,སངས་རྒྱས,,,,,,,,,,,,,,,,,,,,,,,,,,,,,,,,,,,
,,,,,,,,,,,,,,,,,,,,,,,,,,,,,,,,,,,,,
རྒྱུ,as a prefix,རྒྱུ་སྐར,རྒྱུ་ཅན,རྒྱུ་སྤུན,རྒྱུ་མཚན,,,,,,,,,,,,,,,,,,,,,,,,,,,,,,,,
རྒྱུ,as a postfix,སྨིག་རྒྱུ,,,,,,,,,,,,,,,,,,,,,,,,,,,,,,,,,,,
,,,,,,,,,,,,,,,,,,,,,,,,,,,,,,,,,,,,,
རྒྱུད,as a postfix,ལུ་གུ་རྒྱུད,,,,,,,,,,,,,,,,,,,,,,,,,,,,,,,,,,,
,,,,,,,,,,,,,,,,,,,,,,,,,,,,,,,,,,,,,
སྒོ,as a prefix,སྒོ་ཁྱུད,,,,,,,,,,,,,,,,,,,,,,,,,,,,,,,,,,,
,,,,,,,,,,,,,,,,,,,,,,,,,,,,,,,,,,,,,
སྒྱུ,as a prefix,སྒྱུ་མ,སྒྱུ་རྩལ,,,,,,,,,,,,,,,,,,,,,,,,,,,,,,,,,,
སྒྱུ,as a postfix,སྨིག་སྒྱུ,,,,,,,,,,,,,,,,,,,,,,,,,,,,,,,,,,,
,,,,,,,,,,,,,,,,,,,,,,,,,,,,,,,,,,,,,
སྒྲ,as a prefix,སྒྲ་གཅན,,,,,,,,,,,,,,,,,,,,,,,,,,,,,,,,,,,
,,,,,,,,,,,,,,,,,,,,,,,,,,,,,,,,,,,,,
བརྒྱ,as a postfix,ཆིག་བརྒྱ,སུམ་བརྒྱ,,,,,,,,,,,,,,,,,,,,,,,,,,,,,,,,,,
,,,,,,,,,,,,,,,,,,,,,,,,,,,,,,,,,,,,,
བརྒྱད,as a prefix,བརྒྱད་ཅུ,བརྒྱད་པོ,,,,,,,,,,,,,,,,,,,,,,,,,,,,,,,,,,
བརྒྱད,as a postfix,བཅོ་བརྒྱད,,,,,,,,,,,,,,,,,,,,,,,,,,,,,,,,,,,
,,,,,,,,,,,,,,,,,,,,,,,,,,,,,,,,,,,,,
ང,as a prefix,ང་རྒྱལ,,,,,,,,,,,,,,,,,,,,,,,,,,,,,,,,,,,
ང,as an infix,ཡ་ང་བ,,,,,,,,,,,,,,,,,,,,,,,,,,,,,,,,,,,
ང,as a postfix,ཉམ་ང,,,,,,,,,,,,,,,,,,,,,,,,,,,,,,,,,,,
,,,,,,,,,,,,,,,,,,,,,,,,,,,,,,,,,,,,,
ངག,as a postfix,གདམས་ངག,མན་ངག,,,,,,,,,,,,,,,,,,,,,,,,,,,,,,,,,,
,,,,,,,,,,,,,,,,,,,,,,,,,,,,,,,,,,,,,
ངན,as a prefix,ངན་འགྲོ,ངན་ངོན,ངན་སོང,,,,,,,,,,,,,,,,,,,,,,,,,,,,,,,,,
ངན,as a postfix,མྱ་ངན,,,,,,,,,,,,,,,,,,,,,,,,,,,,,,,,,,,
,,,,,,,,,,,,,,,,,,,,,,,,,,,,,,,,,,,,,
ངེས,as a prefix,ངེས་པར,,,,,,,,,,,,,,,,,,,,,,,,,,,,,,,,,,,
,,,,,,,,,,,,,,,,,,,,,,,,,,,,,,,,,,,,,
ངོ,as a prefix,ངོ་བོ,ངོ་ཚ,ངོ་མཚར,,,,,,,,,,,,,,,,,,,,,,,,,,,,,,,,,
ངོ,as a postfix,ཡར་ངོ,,,,,,,,,,,,,,,,,,,,,,,,,,,,,,,,,,,
,,,,,,,,,,,,,,,,,,,,,,,,,,,,,,,,,,,,,
དངོས,as a prefix,དངོས་པོ,དངོས་གཞི,,,,,,,,,,,,,,,,,,,,,,,,,,,,,,,,,,
,,,,,,,,,,,,,,,,,,,,,,,,,,,,,,,,,,,,,
མངོན,as a prefix,མངོན་དུ,མངོན་པར,མངོན་སུམ,,,,,,,,,,,,,,,,,,,,,,,,,,,,,,,,,
,,,,,,,,,,,,,,,,,,,,,,,,,,,,,,,,,,,,,
ལྔ,as a postfix,བཅོ་ལྔ,ཉི་ཤུ་ལྔ,སྟོང་ཕྲག་ཉི་ཤུ་ལྔ,,,,,,,,,,,,,,,,,,,,,,,,,,,,,,,,,
,,,,,,,,,,,,,,,,,,,,,,,,,,,,,,,,,,,,,
སྔ,as a prefix,སྔ་ལྟས,སྔ་མ,སྔ་རོལ,,,,,,,,,,,,,,,,,,,,,,,,,,,,,,,,,
,,,,,,,,,,,,,,,,,,,,,,,,,,,,,,,,,,,,,
སྔགས,as a postfix,སྨྲེ་སྔགས,,,,,,,,,,,,,,,,,,,,,,,,,,,,,,,,,,,
,,,,,,,,,,,,,,,,,,,,,,,,,,,,,,,,,,,,,
སྔོན,as a prefix,སྔོན་ཆད,,,,,,,,,,,,,,,,,,,,,,,,,,,,,,,,,,,
,,,,,,,,,,,,,,,,,,,,,,,,,,,,,,,,,,,,,
བསྔལ,as a postfix,སྡུག་བསྔལ,,,,,,,,,,,,,,,,,,,,,,,,,,,,,,,,,,,
,,,,,,,,,,,,,,,,,,,,,,,,,,,,,,,,,,,,,
ཅག,as a postfix,ཁྱེད་ཅག,བདག་ཅག,,,,,,,,,,,,,,,,,,,,,,,,,,,,,,,,,,
,,,,,,,,,,,,,,,,,,,,,,,,,,,,,,,,,,,,,
ཅང,as a prefix,ཅང་ཏེའུ,ཅང་ཤེས,,,,,,,,,,,,,,,,,,,,,,,,,,,,,,,,,,
ཅང,as an infix,རྟ་ཅང་ཤེས,,,,,,,,,,,,,,,,,,,,,,,,,,,,,,,,,,,
ཅང,as a postfix,ཧ་ཅང,,,,,,,,,,,,,,,,,,,,,,,,,,,,,,,,,,,
,,,,,,,,,,,,,,,,,,,,,,,,,,,,,,,,,,,,,
ཅང་ཤེས,as a postfix,རྟ་ཅང་ཤེས,,,,,,,,,,,,,,,,,,,,,,,,,,,,,,,,,,,
,,,,,,,,,,,,,,,,,,,,,,,,,,,,,,,,,,,,,
ཅན,as a postfix,རྒྱུ་ཅན,ཆོས་ཅན,ཡུལ་ཅན,སེམས་ཅན,,,,,,,,,,,,,,,,,,,,,,,,,,,,,,,,
,,,,,,,,,,,,,,,,,,,,,,,,,,,,,,,,,,,,,
ཅི,as a prefix,ཅི་སྟེ,ཅི་མ་རུང,ཅི་ཞིག,ཅི་ཡང,ཅི་རིགས,,,,,,,,,,,,,,,,,,,,,,,,,,,,,,,
,,,,,,,,,,,,,,,,,,,,,,,,,,,,,,,,,,,,,
ཅིག,as a prefix,ཅིག་ཅར,ཅིག་ཤོས,,,,,,,,,,,,,,,,,,,,,,,,,,,,,,,,,,
ཅིག,as a postfix,སྐད་ཅིག,ཁ་ཅིག,ལྷན་ཅིག,,,,,,,,,,,,,,,,,,,,,,,,,,,,,,,,,
,,,,,,,,,,,,,,,,,,,,,,,,,,,,,,,,,,,,,
ཅུང,as a prefix,ཅུང་ཟད,,,,,,,,,,,,,,,,,,,,,,,,,,,,,,,,,,,
,,,,,,,,,,,,,,,,,,,,,,,,,,,,,,,,,,,,,
གཅིག,as a prefix,གཅིག་པུ,,,,,,,,,,,,,,,,,,,,,,,,,,,,,,,,,,,
གཅིག,as a postfix,བཅུ་གཅིག,ཉི་ཤུ་གཅིག,,,,,,,,,,,,,,,,,,,,,,,,,,,,,,,,,,
,,,,,,,,,,,,,,,,,,,,,,,,,,,,,,,,,,,,,
བཅའ,as a prefix,བཅའ་སྒ,,,,,,,,,,,,,,,,,,,,,,,,,,,,,,,,,,,
,,,,,,,,,,,,,,,,,,,,,,,,,,,,,,,,,,,,,
བཅུ,as a prefix,བཅུ་དགུ,བཅུ་གཅིག,བཅུ་གཉིས,བཅུ་དྲུག,བཅུ་བདུན,བཅུ་བཞི,བཅུ་གསུམ,,,,,,,,,,,,,,,,,,,,,,,,,,,,,
,,,,,,,,,,,,,,,,,,,,,,,,,,,,,,,,,,,,,
བཅུད,as a prefix,བཅུད་ལེན,,,,,,,,,,,,,,,,,,,,,,,,,,,,,,,,,,,
,,,,,,,,,,,,,,,,,,,,,,,,,,,,,,,,,,,,,
བཅོམ,as a prefix,བཅོམ་ལྡན་འདས,,,,,,,,,,,,,,,,,,,,,,,,,,,,,,,,,,,
བཅོམ,as a postfix,དགྲ་བཅོམ,,,,,,,,,,,,,,,,,,,,,,,,,,,,,,,,,,,
,,,,,,,,,,,,,,,,,,,,,,,,,,,,,,,,,,,,,
ལྕགས,as a prefix,ལྕགས་ཀྱུ,ལྕགས་སྦྲང,,,,,,,,,,,,,,,,,,,,,,,,,,,,,,,,,,
,,,,,,,,,,,,,,,,,,,,,,,,,,,,,,,,,,,,,
ལྕི,as a postfix,གསུས་ལྕི,,,,,,,,,,,,,,,,,,,,,,,,,,,,,,,,,,,
,,,,,,,,,,,,,,,,,,,,,,,,,,,,,,,,,,,,,
ལྕེ,as a prefix,ལྕེ་སྤྱང,,,,,,,,,,,,,,,,,,,,,,,,,,,,,,,,,,,
,,,,,,,,,,,,,,,,,,,,,,,,,,,,,,,,,,,,,
ཆ,as a prefix,ཆ་བྱད,,,,,,,,,,,,,,,,,,,,,,,,,,,,,,,,,,,
ཆ,as a postfix,གོ་ཆ,མལ་ཆ,,,,,,,,,,,,,,,,,,,,,,,,,,,,,,,,,,
,,,,,,,,,,,,,,,,,,,,,,,,,,,,,,,,,,,,,
ཆགས,as a postfix,འདབ་ཆགས,འདོད་ཆགས,བག་ཆགས,སྲོག་ཆགས,,,,,,,,,,,,,,,,,,,,,,,,,,,,,,,,
,,,,,,,,,,,,,,,,,,,,,,,,,,,,,,,,,,,,,
ཆང,as a postfix,རྒུན་ཆང,,,,,,,,,,,,,,,,,,,,,,,,,,,,,,,,,,,
,,,,,,,,,,,,,,,,,,,,,,,,,,,,,,,,,,,,,
ཆད,as a postfix,སྔོན་ཆད,ཕན་ཆད,བར་ཆད,མན་ཆད,,,,,,,,,,,,,,,,,,,,,,,,,,,,,,,,
,,,,,,,,,,,,,,,,,,,,,,,,,,,,,,,,,,,,,
ཆབ,as a postfix,དྲི་ཆབ,ཡོན་ཆབ,,,,,,,,,,,,,,,,,,,,,,,,,,,,,,,,,,
,,,,,,,,,,,,,,,,,,,,,,,,,,,,,,,,,,,,,
ཆུ,as a prefix,ཆུ་བུར,ཆུ་བོ,ཆུ་སྦྲང,ཆུ་ཤེལ,ཆུ་སྲིན,,,,,,,,,,,,,,,,,,,,,,,,,,,,,,,
ཆུ,as a postfix,སྒ་ཆུ,,,,,,,,,,,,,,,,,,,,,,,,,,,,,,,,,,,
,,,,,,,,,,,,,,,,,,,,,,,,,,,,,,,,,,,,,
ཆུང,as a prefix,ཆུང་ངུ,,,,,,,,,,,,,,,,,,,,,,,,,,,,,,,,,,,
,,,,,,,,,,,,,,,,,,,,,,,,,,,,,,,,,,,,,
ཆུབ,as a postfix,བྱང་ཆུབ,,,,,,,,,,,,,,,,,,,,,,,,,,,,,,,,,,,
,,,,,,,,,,,,,,,,,,,,,,,,,,,,,,,,,,,,,
ཆེ,as a prefix,ཆེ་གེ་མོ,,,,,,,,,,,,,,,,,,,,,,,,,,,,,,,,,,,
ཆེ,as a postfix,གལ་ཆེ,གླང་པོ་ཆེ,ཕལ་ཆེ,རིན་པོ་ཆེ,རླབས་པོ་ཆེ,ལམ་པོ་ཆེ,,,,,,,,,,,,,,,,,,,,,,,,,,,,,,
,,,,,,,,,,,,,,,,,,,,,,,,,,,,,,,,,,,,,
ཆེན,as a prefix,ཆེན་པོ,,,,,,,,,,,,,,,,,,,,,,,,,,,,,,,,,,,
ཆེན,as a postfix,ཀློང་ཆེན,ཁྱུང་ཆེན,གླང་ཆེན,རྒྱལ་ཆེན,རིན་ཆེན,,,,,,,,,,,,,,,,,,,,,,,,,,,,,,,
,,,,,,,,,,,,,,,,,,,,,,,,,,,,,,,,,,,,,
ཆོས,as a prefix,ཆོས་གོས,ཆོས་ཅན,ཆོས་ཉིད,,,,,,,,,,,,,,,,,,,,,,,,,,,,,,,,,
,,,,,,,,,,,,,,,,,,,,,,,,,,,,,,,,,,,,,
མཆན,as a prefix,མཆན་ཁུང,,,,,,,,,,,,,,,,,,,,,,,,,,,,,,,,,,,
,,,,,,,,,,,,,,,,,,,,,,,,,,,,,,,,,,,,,
མཆུ,as a prefix,མཆུ་རིང,,,,,,,,,,,,,,,,,,,,,,,,,,,,,,,,,,,
,,,,,,,,,,,,,,,,,,,,,,,,,,,,,,,,,,,,,
མཆོག,as a prefix,མཆོག་ཉིད,,,,,,,,,,,,,,,,,,,,,,,,,,,,,,,,,,,
མཆོག,as a postfix,དཀོན་མཆོག,,,,,,,,,,,,,,,,,,,,,,,,,,,,,,,,,,,
,,,,,,,,,,,,,,,,,,,,,,,,,,,,,,,,,,,,,
མཆོད,as a prefix,མཆོད་སྡོང,,,,,,,,,,,,,,,,,,,,,,,,,,,,,,,,,,,
,,,,,,,,,,,,,,,,,,,,,,,,,,,,,,,,,,,,,
ཇི,as a prefix,ཇི་སྐད,ཇི་སྙམ,ཇི་སྙེད,ཇི་ལྟ,ཇི་ལྟ་བུ་,ཇི་ལྟར,ཇི་ཙམ,ཇི་བཞིན,ཇི་སྲིད,,,,,,,,,,,,,,,,,,,,,,,,,,,
,,,,,,,,,,,,,,,,,,,,,,,,,,,,,,,,,,,,,
ཇི་ལྟ,as a prefix,ཇི་ལྟ་བུ་,,,,,,,,,,,,,,,,,,,,,,,,,,,,,,,,,,,
,,,,,,,,,,,,,,,,,,,,,,,,,,,,,,,,,,,,,
འཇམ,as a prefix,འཇམ་དཔལ,,,,,,,,,,,,,,,,,,,,,,,,,,,,,,,,,,,
,,,,,,,,,,,,,,,,,,,,,,,,,,,,,,,,,,,,,
འཇིག,as a prefix,འཇིག་རྟེན,,,,,,,,,,,,,,,,,,,,,,,,,,,,,,,,,,,
,,,,,,,,,,,,,,,,,,,,,,,,,,,,,,,,,,,,,
རྗེས,as a prefix,རྗེས་སུ,,,,,,,,,,,,,,,,,,,,,,,,,,,,,,,,,,,
,,,,,,,,,,,,,,,,,,,,,,,,,,,,,,,,,,,,,
ལྗང,as a prefix,ལྗང་གུ,ལྗང་བུ,,,,,,,,,,,,,,,,,,,,,,,,,,,,,,,,,,
,,,,,,,,,,,,,,,,,,,,,,,,,,,,,,,,,,,,,
བརྗིད,as a postfix,གཟི་བརྗིད,,,,,,,,,,,,,,,,,,,,,,,,,,,,,,,,,,,
,,,,,,,,,,,,,,,,,,,,,,,,,,,,,,,,,,,,,
ཉན,as a prefix,ཉན་ཐོས,,,,,,,,,,,,,,,,,,,,,,,,,,,,,,,,,,,
,,,,,,,,,,,,,,,,,,,,,,,,,,,,,,,,,,,,,
ཉམ,as a prefix,ཉམ་ང,,,,,,,,,,,,,,,,,,,,,,,,,,,,,,,,,,,
,,,,,,,,,,,,,,,,,,,,,,,,,,,,,,,,,,,,,
ཉི,as a prefix,ཉི་མ,ཉི་ཚེ,ཉི་ཤུ,ཉི་ཤུ་ལྔ,ཉི་ཤུ་གཅིག,ཉི་ཤུ་གཉིས,ཉི་ཤུ་རྩ་གཉིས,,,,,,,,,,,,,,,,,,,,,,,,,,,,,
ཉི,as an infix,སྟོང་ཕྲག་ཉི་ཤུ་ལྔ,,,,,,,,,,,,,,,,,,,,,,,,,,,,,,,,,,,
ཉི,as a postfix,སོམ་ཉི,,,,,,,,,,,,,,,,,,,,,,,,,,,,,,,,,,,
,,,,,,,,,,,,,,,,,,,,,,,,,,,,,,,,,,,,,
ཉི་ཤུ,as a prefix,ཉི་ཤུ་ལྔ,ཉི་ཤུ་གཅིག,ཉི་ཤུ་གཉིས,ཉི་ཤུ་རྩ་གཉིས,,,,,,,,,,,,,,,,,,,,,,,,,,,,,,,,
ཉི་ཤུ,as an infix,སྟོང་ཕྲག་ཉི་ཤུ་ལྔ,,,,,,,,,,,,,,,,,,,,,,,,,,,,,,,,,,,
,,,,,,,,,,,,,,,,,,,,,,,,,,,,,,,,,,,,,
ཉི་ཤུ་ལྔ,as a postfix,སྟོང་ཕྲག་ཉི་ཤུ་ལྔ,,,,,,,,,,,,,,,,,,,,,,,,,,,,,,,,,,,
,,,,,,,,,,,,,,,,,,,,,,,,,,,,,,,,,,,,,
ཉིད,as a postfix,ཆོས་ཉིད,མཆོག་ཉིད,མཉམ་ཉིད,མཉམ་པ་ཉིད,སྟོང་པ་ཉིད,དེ་ཉིད,དེ་བཞིན་ཉིད,བདག་ཉིད,མཚན་ཉིད,རང་ཉིད,,,,,,,,,,,,,,,,,,,,,,,,,,
,,,,,,,,,,,,,,,,,,,,,,,,,,,,,,,,,,,,,
ཉུང,as a prefix,ཉུང་ངུ,,,,,,,,,,,,,,,,,,,,,,,,,,,,,,,,,,,
,,,,,,,,,,,,,,,,,,,,,,,,,,,,,,,,,,,,,
ཉེ,as a prefix,ཉེ་དུ,ཉེ་བར,,,,,,,,,,,,,,,,,,,,,,,,,,,,,,,,,,
,,,,,,,,,,,,,,,,,,,,,,,,,,,,,,,,,,,,,
ཉོན,as a prefix,ཉོན་མོངས,,,,,,,,,,,,,,,,,,,,,,,,,,,,,,,,,,,
,,,,,,,,,,,,,,,,,,,,,,,,,,,,,,,,,,,,,
གཉའ,as a prefix,གཉའ་ཤིང,,,,,,,,,,,,,,,,,,,,,,,,,,,,,,,,,,,
,,,,,,,,,,,,,,,,,,,,,,,,,,,,,,,,,,,,,
གཉིས,as a prefix,གཉིས་ཀ,,,,,,,,,,,,,,,,,,,,,,,,,,,,,,,,,,,
གཉིས,as a postfix,བཅུ་གཉིས,ཉི་ཤུ་གཉིས,ཉི་ཤུ་རྩ་གཉིས,སུམ་ཅུ་རྩ་གཉིས,,,,,,,,,,,,,,,,,,,,,,,,,,,,,,,,
,,,,,,,,,,,,,,,,,,,,,,,,,,,,,,,,,,,,,
གཉེན,as a prefix,གཉེན་པོ,གཉེན་མཚམས,,,,,,,,,,,,,,,,,,,,,,,,,,,,,,,,,,
གཉེན,as a postfix,བཤེས་གཉེན,,,,,,,,,,,,,,,,,,,,,,,,,,,,,,,,,,,
,,,,,,,,,,,,,,,,,,,,,,,,,,,,,,,,,,,,,
མཉམ,as a prefix,མཉམ་ཉིད,མཉམ་པ་ཉིད,,,,,,,,,,,,,,,,,,,,,,,,,,,,,,,,,,
,,,,,,,,,,,,,,,,,,,,,,,,,,,,,,,,,,,,,
སྙན,as a prefix,སྙན་དངགས,,,,,,,,,,,,,,,,,,,,,,,,,,,,,,,,,,,
སྙན,as a postfix,སིལ་སྙན,,,,,,,,,,,,,,,,,,,,,,,,,,,,,,,,,,,
,,,,,,,,,,,,,,,,,,,,,,,,,,,,,,,,,,,,,
སྙམ,as a postfix,ཇི་སྙམ,,,,,,,,,,,,,,,,,,,,,,,,,,,,,,,,,,,
,,,,,,,,,,,,,,,,,,,,,,,,,,,,,,,,,,,,,
སྙིང,as a prefix,སྙིང་རྗེ,སྙིང་པོ,,,,,,,,,,,,,,,,,,,,,,,,,,,,,,,,,,
,,,,,,,,,,,,,,,,,,,,,,,,,,,,,,,,,,,,,
སྙེད,as a postfix,ཇི་སྙེད,,,,,,,,,,,,,,,,,,,,,,,,,,,,,,,,,,,
,,,,,,,,,,,,,,,,,,,,,,,,,,,,,,,,,,,,,
བསྙེན,as a prefix,བསྙེན་བཀུར,,,,,,,,,,,,,,,,,,,,,,,,,,,,,,,,,,,
,,,,,,,,,,,,,,,,,,,,,,,,,,,,,,,,,,,,,
ཏུ,as a postfix,རབ་ཏུ,ཤིན་ཏུ,,,,,,,,,,,,,,,,,,,,,,,,,,,,,,,,,,
,,,,,,,,,,,,,,,,,,,,,,,,,,,,,,,,,,,,,
ཏེ,as a postfix,གལ་ཏེ,འོན་ཏེ,,,,,,,,,,,,,,,,,,,,,,,,,,,,,,,,,,
,,,,,,,,,,,,,,,,,,,,,,,,,,,,,,,,,,,,,
ཏོག,as a postfix,མེ་ཏོག,ཟ་མ་ཏོག,ལིང་ཏོག,,,,,,,,,,,,,,,,,,,,,,,,,,,,,,,,,
,,,,,,,,,,,,,,,,,,,,,,,,,,,,,,,,,,,,,
གཏན,as a postfix,བསམ་གཏན,,,,,,,,,,,,,,,,,,,,,,,,,,,,,,,,,,,
,,,,,,,,,,,,,,,,,,,,,,,,,,,,,,,,,,,,,
རྟ,as a prefix,རྟ་ཅང་ཤེས,,,,,,,,,,,,,,,,,,,,,,,,,,,,,,,,,,,
,,,,,,,,,,,,,,,,,,,,,,,,,,,,,,,,,,,,,
རྟག,as a postfix,མི་རྟག,,,,,,,,,,,,,,,,,,,,,,,,,,,,,,,,,,,
,,,,,,,,,,,,,,,,,,,,,,,,,,,,,,,,,,,,,
རྟུལ,as a prefix,རྟུལ་པོ,,,,,,,,,,,,,,,,,,,,,,,,,,,,,,,,,,,
,,,,,,,,,,,,,,,,,,,,,,,,,,,,,,,,,,,,,
རྟེན,as a postfix,འཇིག་རྟེན,,,,,,,,,,,,,,,,,,,,,,,,,,,,,,,,,,,
,,,,,,,,,,,,,,,,,,,,,,,,,,,,,,,,,,,,,
རྟོག,as a prefix,རྟོག་གེ,,,,,,,,,,,,,,,,,,,,,,,,,,,,,,,,,,,
,,,,,,,,,,,,,,,,,,,,,,,,,,,,,,,,,,,,,
ལྟ,as a prefix,ལྟ་སྟངས,ལྟ་བུ,,,,,,,,,,,,,,,,,,,,,,,,,,,,,,,,,,
ལྟ,as an infix,ཇི་ལྟ་བུ་,དེ་ལྟ་ན,དེ་ལྟ་བས་ན,འདི་ལྟ་སྟེ,,,,,,,,,,,,,,,,,,,,,,,,,,,,,,,,
ལྟ,as a postfix,ཇི་ལྟ,ད་ལྟ,,,,,,,,,,,,,,,,,,,,,,,,,,,,,,,,,,
,,,,,,,,,,,,,,,,,,,,,,,,,,,,,,,,,,,,,
ལྟ་བུ,as an infix,ཇི་ལྟ་བུ་,,,,,,,,,,,,,,,,,,,,,,,,,,,,,,,,,,,
,,,,,,,,,,,,,,,,,,,,,,,,,,,,,,,,,,,,,
ལྟར,as a postfix,ཇི་ལྟར,དེ་ལྟར,འདི་ལྟར,,,,,,,,,,,,,,,,,,,,,,,,,,,,,,,,,
,,,,,,,,,,,,,,,,,,,,,,,,,,,,,,,,,,,,,
སྟ,as a prefix,སྟ་གོན,སྟ་རེ,,,,,,,,,,,,,,,,,,,,,,,,,,,,,,,,,,
སྟ,as a postfix,དགྲ་སྟ,,,,,,,,,,,,,,,,,,,,,,,,,,,,,,,,,,,
,,,,,,,,,,,,,,,,,,,,,,,,,,,,,,,,,,,,,
སྟག,as a prefix,སྟག་མོ,སྟག་ཚང,སྟག་ཤམ,,,,,,,,,,,,,,,,,,,,,,,,,,,,,,,,,
སྟག,as a postfix,མེ་སྟག,ཤ་སྟག,,,,,,,,,,,,,,,,,,,,,,,,,,,,,,,,,,
,,,,,,,,,,,,,,,,,,,,,,,,,,,,,,,,,,,,,
སྟན,as a postfix,མལ་སྟན,,,,,,,,,,,,,,,,,,,,,,,,,,,,,,,,,,,
,,,,,,,,,,,,,,,,,,,,,,,,,,,,,,,,,,,,,
སྟེ,as a postfix,ཅི་སྟེ,འདི་ལྟ་སྟེ,,,,,,,,,,,,,,,,,,,,,,,,,,,,,,,,,,
,,,,,,,,,,,,,,,,,,,,,,,,,,,,,,,,,,,,,
སྟོང,as a prefix,སྟོང་པ་ཉིད,སྟོང་ཕྲག,སྟོང་ཕྲག་ཉི་ཤུ་ལྔ,,,,,,,,,,,,,,,,,,,,,,,,,,,,,,,,,
སྟོང,as a postfix,ཁོང་སྟོང,ཆིག་སྟོང,,,,,,,,,,,,,,,,,,,,,,,,,,,,,,,,,,
,,,,,,,,,,,,,,,,,,,,,,,,,,,,,,,,,,,,,
སྟོང་ཕྲག,as a prefix,སྟོང་ཕྲག་ཉི་ཤུ་ལྔ,,,,,,,,,,,,,,,,,,,,,,,,,,,,,,,,,,,
,,,,,,,,,,,,,,,,,,,,,,,,,,,,,,,,,,,,,
སྟོན,as a postfix,དགའ་སྟོན,,,,,,,,,,,,,,,,,,,,,,,,,,,,,,,,,,,
,,,,,,,,,,,,,,,,,,,,,,,,,,,,,,,,,,,,,
བརྟན,as a postfix,གནས་བརྟན,,,,,,,,,,,,,,,,,,,,,,,,,,,,,,,,,,,
,,,,,,,,,,,,,,,,,,,,,,,,,,,,,,,,,,,,,
བསྟན,as a prefix,བསྟན་བཅོས,,,,,,,,,,,,,,,,,,,,,,,,,,,,,,,,,,,
,,,,,,,,,,,,,,,,,,,,,,,,,,,,,,,,,,,,,
ཐ,as a prefix,ཐ་དད,ཐ་མ,ཐ་མལ,ཐ་ཚིག,ཐ་ཤལ,,,,,,,,,,,,,,,,,,,,,,,,,,,,,,,
,,,,,,,,,,,,,,,,,,,,,,,,,,,,,,,,,,,,,
ཐབ,as a prefix,ཐབ་ཁུང,ཐབ་མོ,,,,,,,,,,,,,,,,,,,,,,,,,,,,,,,,,,
ཐབ,as a postfix,ཁྱིམ་ཐབ,མེ་ཐབ,,,,,,,,,,,,,,,,,,,,,,,,,,,,,,,,,,
,,,,,,,,,,,,,,,,,,,,,,,,,,,,,,,,,,,,,
ཐབས,as a postfix,ཤམ་ཐབས,,,,,,,,,,,,,,,,,,,,,,,,,,,,,,,,,,,
,,,,,,,,,,,,,,,,,,,,,,,,,,,,,,,,,,,,,
ཐལ,as a prefix,ཐལ་ཁུང,,,,,,,,,,,,,,,,,,,,,,,,,,,,,,,,,,,
,,,,,,,,,,,,,,,,,,,,,,,,,,,,,,,,,,,,,
ཐིག,as a prefix,ཐིག་ལེ,,,,,,,,,,,,,,,,,,,,,,,,,,,,,,,,,,,
,,,,,,,,,,,,,,,,,,,,,,,,,,,,,,,,,,,,,
ཐུང,as a prefix,ཐུང་ངུ,,,,,,,,,,,,,,,,,,,,,,,,,,,,,,,,,,,
ཐུང,as a postfix,མདུང་ཐུང,,,,,,,,,,,,,,,,,,,,,,,,,,,,,,,,,,,
,,,,,,,,,,,,,,,,,,,,,,,,,,,,,,,,,,,,,
ཐུན,as a prefix,ཐུན་མོང,,,,,,,,,,,,,,,,,,,,,,,,,,,,,,,,,,,
,,,,,,,,,,,,,,,,,,,,,,,,,,,,,,,,,,,,,
ཐོ,as a postfix,ཁ་ན་མ་ཐོ,,,,,,,,,,,,,,,,,,,,,,,,,,,,,,,,,,,
,,,,,,,,,,,,,,,,,,,,,,,,,,,,,,,,,,,,,
ཐོས,as a postfix,ཉན་ཐོས,,,,,,,,,,,,,,,,,,,,,,,,,,,,,,,,,,,
,,,,,,,,,,,,,,,,,,,,,,,,,,,,,,,,,,,,,
མཐའ,as a prefix,མཐའ་དག,,,,,,,,,,,,,,,,,,,,,,,,,,,,,,,,,,,
,,,,,,,,,,,,,,,,,,,,,,,,,,,,,,,,,,,,,
མཐིང,as a prefix,མཐིང་ཤུན,,,,,,,,,,,,,,,,,,,,,,,,,,,,,,,,,,,
,,,,,,,,,,,,,,,,,,,,,,,,,,,,,,,,,,,,,
མཐོང,as a postfix,ལྷག་མཐོང,,,,,,,,,,,,,,,,,,,,,,,,,,,,,,,,,,,
,,,,,,,,,,,,,,,,,,,,,,,,,,,,,,,,,,,,,
ད,as a prefix,ད་ལྟ,,,,,,,,,,,,,,,,,,,,,,,,,,,,,,,,,,,
,,,,,,,,,,,,,,,,,,,,,,,,,,,,,,,,,,,,,
དག,as a postfix,གང་དག,མཐའ་དག,དེ་དག,དོན་དག,འདི་དག,གཞན་དག,ཡང་དག,ཤུ་དག,,,,,,,,,,,,,,,,,,,,,,,,,,,,
,,,,,,,,,,,,,,,,,,,,,,,,,,,,,,,,,,,,,
དང,as a prefix,དང་པོ,,,,,,,,,,,,,,,,,,,,,,,,,,,,,,,,,,,
,,,,,,,,,,,,,,,,,,,,,,,,,,,,,,,,,,,,,
དད,as a postfix,ཐ་དད,,,,,,,,,,,,,,,,,,,,,,,,,,,,,,,,,,,
,,,,,,,,,,,,,,,,,,,,,,,,,,,,,,,,,,,,,
དུ,as a prefix,དུ་མ,,,,,,,,,,,,,,,,,,,,,,,,,,,,,,,,,,,
དུ,as a postfix,མངོན་དུ,ཅིའི་སླད་དུ,ཉེ་དུ,,,,,,,,,,,,,,,,,,,,,,,,,,,,,,,,,
,,,,,,,,,,,,,,,,,,,,,,,,,,,,,,,,,,,,,
དུར,as a prefix,དུར་ཁྲོད,,,,,,,,,,,,,,,,,,,,,,,,,,,,,,,,,,,
,,,,,,,,,,,,,,,,,,,,,,,,,,,,,,,,,,,,,
དེ,as a prefix,དེ་ཉིད,དེ་ལྟ་ན,དེ་ལྟ་བས་ན,དེ་ལྟར,དེ་དག,དེ་ནས,དེ་བས་ན,དེ་བཞིན་ཉིད,དེ་ཡང,དེ་སྲིད,,,,,,,,,,,,,,,,,,,,,,,,,,
དེ,as a postfix,བན་དེ,,,,,,,,,,,,,,,,,,,,,,,,,,,,,,,,,,,
,,,,,,,,,,,,,,,,,,,,,,,,,,,,,,,,,,,,,
དེང,as a prefix,དེང་སང,,,,,,,,,,,,,,,,,,,,,,,,,,,,,,,,,,,
,,,,,,,,,,,,,,,,,,,,,,,,,,,,,,,,,,,,,
དོ,as a prefix,དོ་ཤལ,,,,,,,,,,,,,,,,,,,,,,,,,,,,,,,,,,,
དོ,as a postfix,བར་མ་དོ,,,,,,,,,,,,,,,,,,,,,,,,,,,,,,,,,,,
,,,,,,,,,,,,,,,,,,,,,,,,,,,,,,,,,,,,,
དོན,as a prefix,དོན་དག,,,,,,,,,,,,,,,,,,,,,,,,,,,,,,,,,,,
,,,,,,,,,,,,,,,,,,,,,,,,,,,,,,,,,,,,,
དྲི,as a prefix,དྲི་ཆབ,,,,,,,,,,,,,,,,,,,,,,,,,,,,,,,,,,,
,,,,,,,,,,,,,,,,,,,,,,,,,,,,,,,,,,,,,
དྲུག,as a prefix,དྲུག་ཅུ,དྲུག་པོ,,,,,,,,,,,,,,,,,,,,,,,,,,,,,,,,,,
དྲུག,as a postfix,བཅུ་དྲུག,,,,,,,,,,,,,,,,,,,,,,,,,,,,,,,,,,,
,,,,,,,,,,,,,,,,,,,,,,,,,,,,,,,,,,,,,
དྲུང,as a postfix,གཡུང་དྲུང,,,,,,,,,,,,,,,,,,,,,,,,,,,,,,,,,,,
,,,,,,,,,,,,,,,,,,,,,,,,,,,,,,,,,,,,,
དྲེགས,as a prefix,དྲེགས་པ,,,,,,,,,,,,,,,,,,,,,,,,,,,,,,,,,,,
,,,,,,,,,,,,,,,,,,,,,,,,,,,,,,,,,,,,,
གདམས,as a prefix,གདམས་ངག,,,,,,,,,,,,,,,,,,,,,,,,,,,,,,,,,,,
,,,,,,,,,,,,,,,,,,,,,,,,,,,,,,,,,,,,,
བདག,as a prefix,བདག་ཅག,བདག་ཉིད,བདག་པོ,,,,,,,,,,,,,,,,,,,,,,,,,,,,,,,,,
བདག,as a postfix,ཁྱིམ་བདག,,,,,,,,,,,,,,,,,,,,,,,,,,,,,,,,,,,
,,,,,,,,,,,,,,,,,,,,,,,,,,,,,,,,,,,,,
བདུན,as a prefix,བདུན་ཅུ,བདུན་པོ,,,,,,,,,,,,,,,,,,,,,,,,,,,,,,,,,,
བདུན,as a postfix,བཅུ་བདུན,སུམ་ཅུ་རྩ་བདུན,,,,,,,,,,,,,,,,,,,,,,,,,,,,,,,,,,
,,,,,,,,,,,,,,,,,,,,,,,,,,,,,,,,,,,,,
བདེ,as a prefix,བདེ་འགྲོ,བདེ་བླག,,,,,,,,,,,,,,,,,,,,,,,,,,,,,,,,,,
,,,,,,,,,,,,,,,,,,,,,,,,,,,,,,,,,,,,,
མདག,as a prefix,མདག་མེ,,,,,,,,,,,,,,,,,,,,,,,,,,,,,,,,,,,
,,,,,,,,,,,,,,,,,,,,,,,,,,,,,,,,,,,,,
མདུང,as a prefix,མདུང་ཐུང,,,,,,,,,,,,,,,,,,,,,,,,,,,,,,,,,,,
,,,,,,,,,,,,,,,,,,,,,,,,,,,,,,,,,,,,,
མདུན,as a prefix,མདུན་ན་འདོན,,,,,,,,,,,,,,,,,,,,,,,,,,,,,,,,,,,
,,,,,,,,,,,,,,,,,,,,,,,,,,,,,,,,,,,,,
མདོ,as a prefix,མདོ་སྡེ,,,,,,,,,,,,,,,,,,,,,,,,,,,,,,,,,,,
,,,,,,,,,,,,,,,,,,,,,,,,,,,,,,,,,,,,,
འདབ,as a prefix,འདབ་ཆགས,འདབ་མ,,,,,,,,,,,,,,,,,,,,,,,,,,,,,,,,,,
,,,,,,,,,,,,,,,,,,,,,,,,,,,,,,,,,,,,,
འདས,as a postfix,བཅོམ་ལྡན་འདས,,,,,,,,,,,,,,,,,,,,,,,,,,,,,,,,,,,
,,,,,,,,,,,,,,,,,,,,,,,,,,,,,,,,,,,,,
འདི,as a prefix,འདི་སྐད,འདི་ལྟ་སྟེ,འདི་ལྟར,འདི་དག,འདི་འདྲ,འདི་ཙམ,,,,,,,,,,,,,,,,,,,,,,,,,,,,,,
,,,,,,,,,,,,,,,,,,,,,,,,,,,,,,,,,,,,,
འདུ,as a prefix,འདུ་བྱེད,འདུ་འཛི,འདུ་ཤེས,,,,,,,,,,,,,,,,,,,,,,,,,,,,,,,,,
,,,,,,,,,,,,,,,,,,,,,,,,,,,,,,,,,,,,,
འདུན,as a postfix,དགེ་འདུན,,,,,,,,,,,,,,,,,,,,,,,,,,,,,,,,,,,
,,,,,,,,,,,,,,,,,,,,,,,,,,,,,,,,,,,,,
འདུས,as a prefix,འདུས་བྱས,འདུས་མ་བྱས,,,,,,,,,,,,,,,,,,,,,,,,,,,,,,,,,,
,,,,,,,,,,,,,,,,,,,,,,,,,,,,,,,,,,,,,
འདོད,as a prefix,འདོད་ཆགས,,,,,,,,,,,,,,,,,,,,,,,,,,,,,,,,,,,
,,,,,,,,,,,,,,,,,,,,,,,,,,,,,,,,,,,,,
འདྲ,as a postfix,འདི་འདྲ,,,,,,,,,,,,,,,,,,,,,,,,,,,,,,,,,,,
,,,,,,,,,,,,,,,,,,,,,,,,,,,,,,,,,,,,,
རྡོ,as a prefix,རྡོ་རྗེ,,,,,,,,,,,,,,,,,,,,,,,,,,,,,,,,,,,
,,,,,,,,,,,,,,,,,,,,,,,,,,,,,,,,,,,,,
ལྡན,as an infix,བཅོམ་ལྡན་འདས,,,,,,,,,,,,,,,,,,,,,,,,,,,,,,,,,,,
,,,,,,,,,,,,,,,,,,,,,,,,,,,,,,,,,,,,,
སྡུག,as a prefix,སྡུག་བསྔལ,,,,,,,,,,,,,,,,,,,,,,,,,,,,,,,,,,,
,,,,,,,,,,,,,,,,,,,,,,,,,,,,,,,,,,,,,
སྡེ,as a postfix,མདོ་སྡེ,,,,,,,,,,,,,,,,,,,,,,,,,,,,,,,,,,,
,,,,,,,,,,,,,,,,,,,,,,,,,,,,,,,,,,,,,
ན,as a prefix,ན་རེ,ན་ལེ་ཤམ,,,,,,,,,,,,,,,,,,,,,,,,,,,,,,,,,,
ན,as an infix,ཁ་ན་མ་ཐོ,མདུན་ན་འདོན,,,,,,,,,,,,,,,,,,,,,,,,,,,,,,,,,,
ན,as a postfix,ཁོ་ན,ཅེ་ན,དེ་ལྟ་ན,དེ་ལྟ་བས་ན,དེ་བས་ན,མདོར་ན,དཔེར་ན,ཞེ་ན,འོ་ན,ཡང་ན,ཤེ་ན,,,,,,,,,,,,,,,,,,,,,,,,,
,,,,,,,,,,,,,,,,,,,,,,,,,,,,,,,,,,,,,
ནག,as a prefix,ནག་ནོག,,,,,,,,,,,,,,,,,,,,,,,,,,,,,,,,,,,
ནག,as a postfix,ཡུངས་ནག,,,,,,,,,,,,,,,,,,,,,,,,,,,,,,,,,,,
,,,,,,,,,,,,,,,,,,,,,,,,,,,,,,,,,,,,,
ནད,as a postfix,རིམས་ནད,,,,,,,,,,,,,,,,,,,,,,,,,,,,,,,,,,,
,,,,,,,,,,,,,,,,,,,,,,,,,,,,,,,,,,,,,
ནན,as a prefix,ནན་ཏན,,,,,,,,,,,,,,,,,,,,,,,,,,,,,,,,,,,
,,,,,,,,,,,,,,,,,,,,,,,,,,,,,,,,,,,,,
ནམ,as a prefix,ནམ་མཁའ,,,,,,,,,,,,,,,,,,,,,,,,,,,,,,,,,,,
,,,,,,,,,,,,,,,,,,,,,,,,,,,,,,,,,,,,,
ནས,as a postfix,དེ་ནས,,,,,,,,,,,,,,,,,,,,,,,,,,,,,,,,,,,
,,,,,,,,,,,,,,,,,,,,,,,,,,,,,,,,,,,,,
ནེམ,as a prefix,ནེམ་ནུར,,,,,,,,,,,,,,,,,,,,,,,,,,,,,,,,,,,
,,,,,,,,,,,,,,,,,,,,,,,,,,,,,,,,,,,,,
གནས,as a prefix,གནས་སྐབས,གནས་བརྟན,,,,,,,,,,,,,,,,,,,,,,,,,,,,,,,,,,
གནས,as a postfix,སྐྱེ་གནས,ཞི་གནས,,,,,,,,,,,,,,,,,,,,,,,,,,,,,,,,,,
,,,,,,,,,,,,,,,,,,,,,,,,,,,,,,,,,,,,,
རྣལ,as a prefix,རྣལ་འབྱོར,རྣལ་མ,,,,,,,,,,,,,,,,,,,,,,,,,,,,,,,,,,
,,,,,,,,,,,,,,,,,,,,,,,,,,,,,,,,,,,,,
རྣོ,as a prefix,རྣོ་བ,,,,,,,,,,,,,,,,,,,,,,,,,,,,,,,,,,,
,,,,,,,,,,,,,,,,,,,,,,,,,,,,,,,,,,,,,
སྣ,as a prefix,སྣ་ཁུང,སྣ་ཚོགས,,,,,,,,,,,,,,,,,,,,,,,,,,,,,,,,,,
སྣ,as a postfix,སེར་སྣ,,,,,,,,,,,,,,,,,,,,,,,,,,,,,,,,,,,
,,,,,,,,,,,,,,,,,,,,,,,,,,,,,,,,,,,,,
སྣབས,as a postfix,ངར་སྣབས,,,,,,,,,,,,,,,,,,,,,,,,,,,,,,,,,,,
,,,,,,,,,,,,,,,,,,,,,,,,,,,,,,,,,,,,,
སྣུམ,as a prefix,སྣུམ་པ,,,,,,,,,,,,,,,,,,,,,,,,,,,,,,,,,,,
,,,,,,,,,,,,,,,,,,,,,,,,,,,,,,,,,,,,,
པ,as an infix,མཉམ་པ་ཉིད,སྟོང་པ་ཉིད,བྱེད་པ་པོ,,,,,,,,,,,,,,,,,,,,,,,,,,,,,,,,,
པ,as a postfix,ཁྲོན་པ,འགྲམ་པ,རྟིང་པ,སྟུག་པ,དྲེགས་པ,སྣུམ་པ,ཡངས་པ,,,,,,,,,,,,,,,,,,,,,,,,,,,,,
,,,,,,,,,,,,,,,,,,,,,,,,,,,,,,,,,,,,,
པད,as a prefix,པད་མ,པད་མོ,,,,,,,,,,,,,,,,,,,,,,,,,,,,,,,,,,
,,,,,,,,,,,,,,,,,,,,,,,,,,,,,,,,,,,,,
པོ,as an infix,གླང་པོ་ཆེ,རིན་པོ་ཆེ,རླབས་པོ་ཆེ,ལམ་པོ་ཆེ,,,,,,,,,,,,,,,,,,,,,,,,,,,,,,,,
པོ,as a postfix,ཀྱོག་པོ,དཀར་པོ,དགུ་པོ,རྒྱལ་པོ,བརྒྱད་པོ,དངོས་པོ,ཆེན་པོ,གཉེན་པོ,སྙིང་པོ,རྟུལ་པོ,སྟུག་པོ,དང་པོ,དྲག་པོ,དྲུག་པོ,བདག་པོ,བདུན་པོ,རྣོན་པོ,ཕུང་པོ,བྱེད་པ་པོ,བློན་པོ,དབང་པོ,མང་པོ,མོག་མོག་པོ,བཙན་པོ,བཞི་པོ,བཟང་པོ,རིང་པོ,སྲིན་པོ,གསུམ་པོ,,,,,,,
,,,,,,,,,,,,,,,,,,,,,,,,,,,,,,,,,,,,,
དཔག,as a prefix,དཔག་ཚད,,,,,,,,,,,,,,,,,,,,,,,,,,,,,,,,,,,
,,,,,,,,,,,,,,,,,,,,,,,,,,,,,,,,,,,,,
དཔའ,as a postfix,སེམས་དཔའ,,,,,,,,,,,,,,,,,,,,,,,,,,,,,,,,,,,
,,,,,,,,,,,,,,,,,,,,,,,,,,,,,,,,,,,,,
དཔལ,as a postfix,འཇམ་དཔལ,,,,,,,,,,,,,,,,,,,,,,,,,,,,,,,,,,,
,,,,,,,,,,,,,,,,,,,,,,,,,,,,,,,,,,,,,
དཔེ,as a prefix,དཔེ་བྱད,,,,,,,,,,,,,,,,,,,,,,,,,,,,,,,,,,,
,,,,,,,,,,,,,,,,,,,,,,,,,,,,,,,,,,,,,
དཔོན,as a postfix,རྗེ་དཔོན,དེད་དཔོན,དམག་དཔོན,ཚོང་དཔོན,སློབ་དཔོན,,,,,,,,,,,,,,,,,,,,,,,,,,,,,,,
,,,,,,,,,,,,,,,,,,,,,,,,,,,,,,,,,,,,,
དཔྱིད,as a prefix,དཔྱིད་ཀ,,,,,,,,,,,,,,,,,,,,,,,,,,,,,,,,,,,
,,,,,,,,,,,,,,,,,,,,,,,,,,,,,,,,,,,,,
སྤུ,as a prefix,སྤུ་གྲི,,,,,,,,,,,,,,,,,,,,,,,,,,,,,,,,,,,
,,,,,,,,,,,,,,,,,,,,,,,,,,,,,,,,,,,,,
སྤུན,as a prefix,སྤུན་ཟླ,,,,,,,,,,,,,,,,,,,,,,,,,,,,,,,,,,,
སྤུན,as a postfix,རྒྱུ་སྤུན,,,,,,,,,,,,,,,,,,,,,,,,,,,,,,,,,,,
,,,,,,,,,,,,,,,,,,,,,,,,,,,,,,,,,,,,,
སྤྱི,as a prefix,སྤྱི་གཙུག,,,,,,,,,,,,,,,,,,,,,,,,,,,,,,,,,,,
,,,,,,,,,,,,,,,,,,,,,,,,,,,,,,,,,,,,,
སྤྱོད,as a prefix,སྤྱོད་ལམ,,,,,,,,,,,,,,,,,,,,,,,,,,,,,,,,,,,
སྤྱོད,as a postfix,ལོངས་སྤྱོད,,,,,,,,,,,,,,,,,,,,,,,,,,,,,,,,,,,
,,,,,,,,,,,,,,,,,,,,,,,,,,,,,,,,,,,,,
ཕ,as a prefix,ཕ་གུ,ཕ་བོང,ཕ་རོལ,,,,,,,,,,,,,,,,,,,,,,,,,,,,,,,,,
,,,,,,,,,,,,,,,,,,,,,,,,,,,,,,,,,,,,,
ཕག,as a prefix,ཕག་མོ,,,,,,,,,,,,,,,,,,,,,,,,,,,,,,,,,,,
,,,,,,,,,,,,,,,,,,,,,,,,,,,,,,,,,,,,,
ཕན,as a prefix,ཕན་ཆད,ཕན་ཚུན,ཕན་ཡོན,,,,,,,,,,,,,,,,,,,,,,,,,,,,,,,,,
,,,,,,,,,,,,,,,,,,,,,,,,,,,,,,,,,,,,,
ཕལ,as a prefix,ཕལ་ཆེ,,,,,,,,,,,,,,,,,,,,,,,,,,,,,,,,,,,
,,,,,,,,,,,,,,,,,,,,,,,,,,,,,,,,,,,,,
ཕོད,as a postfix,སང་ཕོད,,,,,,,,,,,,,,,,,,,,,,,,,,,,,,,,,,,
,,,,,,,,,,,,,,,,,,,,,,,,,,,,,,,,,,,,,
ཕྱག,as a prefix,ཕྱག་དར,,,,,,,,,,,,,,,,,,,,,,,,,,,,,,,,,,,
,,,,,,,,,,,,,,,,,,,,,,,,,,,,,,,,,,,,,
ཕྱི,as a prefix,ཕྱི་མ,ཕྱི་རབས,,,,,,,,,,,,,,,,,,,,,,,,,,,,,,,,,,
,,,,,,,,,,,,,,,,,,,,,,,,,,,,,,,,,,,,,
ཕྱིར,as a postfix,ཅིའི་ཕྱིར,,,,,,,,,,,,,,,,,,,,,,,,,,,,,,,,,,,
,,,,,,,,,,,,,,,,,,,,,,,,,,,,,,,,,,,,,
ཕྱེ,as a prefix,ཕྱེ་མ་ལེབ,,,,,,,,,,,,,,,,,,,,,,,,,,,,,,,,,,,
,,,,,,,,,,,,,,,,,,,,,,,,,,,,,,,,,,,,,
ཕྲག,as a prefix,ཕྲག་དོག,,,,,,,,,,,,,,,,,,,,,,,,,,,,,,,,,,,
ཕྲག,as an infix,སྟོང་ཕྲག་ཉི་ཤུ་ལྔ,,,,,,,,,,,,,,,,,,,,,,,,,,,,,,,,,,,
ཕྲག,as a postfix,ཁྲི་ཕྲག,སྟོང་ཕྲག,འབུམ་ཕྲག,,,,,,,,,,,,,,,,,,,,,,,,,,,,,,,,,
,,,,,,,,,,,,,,,,,,,,,,,,,,,,,,,,,,,,,
ཕྲན,as a postfix,འབྲུམ་ཕྲན,,,,,,,,,,,,,,,,,,,,,,,,,,,,,,,,,,,
,,,,,,,,,,,,,,,,,,,,,,,,,,,,,,,,,,,,,
ཕྲིན,as a prefix,ཕྲིན་ལས,,,,,,,,,,,,,,,,,,,,,,,,,,,,,,,,,,,
,,,,,,,,,,,,,,,,,,,,,,,,,,,,,,,,,,,,,
འཕྲུལ,as a postfix,ཆོ་འཕྲུལ,རྫུ་འཕྲུལ,,,,,,,,,,,,,,,,,,,,,,,,,,,,,,,,,,
,,,,,,,,,,,,,,,,,,,,,,,,,,,,,,,,,,,,,
བ,as a prefix,བ་དན,,,,,,,,,,,,,,,,,,,,,,,,,,,,,,,,,,,
བ,as an infix,བལ་བ་ཛ,,,,,,,,,,,,,,,,,,,,,,,,,,,,,,,,,,,
བ,as a postfix,ལྟེ་བ,རྣོ་བ,དཔྲལ་བ,བོང་བ,ལྦ་བ,ཡ་ང་བ,ལྭ་བ,,,,,,,,,,,,,,,,,,,,,,,,,,,,,
,,,,,,,,,,,,,,,,,,,,,,,,,,,,,,,,,,,,,
བག,as a prefix,བག་ཆགས,བག་ཚ,,,,,,,,,,,,,,,,,,,,,,,,,,,,,,,,,,
,,,,,,,,,,,,,,,,,,,,,,,,,,,,,,,,,,,,,
བན,as a prefix,བན་དེ,བན་བུན,,,,,,,,,,,,,,,,,,,,,,,,,,,,,,,,,,
,,,,,,,,,,,,,,,,,,,,,,,,,,,,,,,,,,,,,
བམ,as a postfix,གླེགས་བམ,,,,,,,,,,,,,,,,,,,,,,,,,,,,,,,,,,,
,,,,,,,,,,,,,,,,,,,,,,,,,,,,,,,,,,,,,
བར,as a prefix,བར་ཆད,བར་མ་དོ,,,,,,,,,,,,,,,,,,,,,,,,,,,,,,,,,,
བར,as a postfix,ཉེ་བར,,,,,,,,,,,,,,,,,,,,,,,,,,,,,,,,,,,
,,,,,,,,,,,,,,,,,,,,,,,,,,,,,,,,,,,,,
བུ,as a prefix,བུ་ག,བུ་ཡུག,བུ་རམ་ཤིང,,,,,,,,,,,,,,,,,,,,,,,,,,,,,,,,,
བུ,as an infix,ཇི་ལྟ་བུ་,བོང་བུ་,,,,,,,,,,,,,,,,,,,,,,,,,,,,,,,,,,
བུ,as a postfix,སྐྱེས་བུ,ཁུང་བུ,གར་བུ,སྒང་བུ,གཅེར་བུ,ལྗང་བུ,ལྟ་བུ,འདམ་བུ,ནོར་བུ,སྣམ་བུ,འབྲས་བུ,འབྲུམ་བུ,སྦྲང་བུ,འཛམ་བུ,ཤམ་བུ,སིལ་བུ,སྲིན་བུ,,,,,,,,,,,,,,,,,,,
,,,,,,,,,,,,,,,,,,,,,,,,,,,,,,,,,,,,,
བོ,as a postfix,སྐྱེ་བོ,ཁོ་བོ,མགོ་བོ,ངོ་བོ,ཆུ་བོ,མཛའ་བོ,,,,,,,,,,,,,,,,,,,,,,,,,,,,,,
,,,,,,,,,,,,,,,,,,,,,,,,,,,,,,,,,,,,,
བོང,as a prefix,བོང་བ,བོང་བུ་,,,,,,,,,,,,,,,,,,,,,,,,,,,,,,,,,,
བོང,as a postfix,མཐེ་བོང,ཕ་བོང,རི་བོང,,,,,,,,,,,,,,,,,,,,,,,,,,,,,,,,,
,,,,,,,,,,,,,,,,,,,,,,,,,,,,,,,,,,,,,
བྱ,as a prefix,བྱ་ཁྱུང,བྱ་རོག,,,,,,,,,,,,,,,,,,,,,,,,,,,,,,,,,,
བྱ,as a postfix,གདུལ་བྱ,ཙ་བྱ,ཤེས་བྱ,སྲིན་བྱ,,,,,,,,,,,,,,,,,,,,,,,,,,,,,,,,
,,,,,,,,,,,,,,,,,,,,,,,,,,,,,,,,,,,,,
བྱང,as a prefix,བྱང་ཆུབ,,,,,,,,,,,,,,,,,,,,,,,,,,,,,,,,,,,
,,,,,,,,,,,,,,,,,,,,,,,,,,,,,,,,,,,,,
བྱད,as a prefix,བྱད་མ,བྱད་བཞིན,བྱད་གཟུགས,,,,,,,,,,,,,,,,,,,,,,,,,,,,,,,,,
བྱད,as a postfix,ཆ་བྱད,དཔེ་བྱད,ཡོ་བྱད,,,,,,,,,,,,,,,,,,,,,,,,,,,,,,,,,
,,,,,,,,,,,,,,,,,,,,,,,,,,,,,,,,,,,,,
བྱས,as a postfix,འདུས་བྱས,འདུས་མ་བྱས,,,,,,,,,,,,,,,,,,,,,,,,,,,,,,,,,,
,,,,,,,,,,,,,,,,,,,,,,,,,,,,,,,,,,,,,
བྱེ,as a prefix,བྱེ་བྲག,བྱེ་མ,,,,,,,,,,,,,,,,,,,,,,,,,,,,,,,,,,
,,,,,,,,,,,,,,,,,,,,,,,,,,,,,,,,,,,,,
བྱེད,as a prefix,བྱེད་པ་པོ,,,,,,,,,,,,,,,,,,,,,,,,,,,,,,,,,,,
བྱེད,as a postfix,འདུ་བྱེད,,,,,,,,,,,,,,,,,,,,,,,,,,,,,,,,,,,
,,,,,,,,,,,,,,,,,,,,,,,,,,,,,,,,,,,,,
བྲང,as a prefix,བྲང་འགྲོ,,,,,,,,,,,,,,,,,,,,,,,,,,,,,,,,,,,
བྲང,as a postfix,ཕོ་བྲང,,,,,,,,,,,,,,,,,,,,,,,,,,,,,,,,,,,
,,,,,,,,,,,,,,,,,,,,,,,,,,,,,,,,,,,,,
བླ,as a prefix,བླ་གོས,བླ་དགས,བླ་མ,,,,,,,,,,,,,,,,,,,,,,,,,,,,,,,,,
,,,,,,,,,,,,,,,,,,,,,,,,,,,,,,,,,,,,,
བློ,as a prefix,བློ་གྲོས,,,,,,,,,,,,,,,,,,,,,,,,,,,,,,,,,,,
,,,,,,,,,,,,,,,,,,,,,,,,,,,,,,,,,,,,,
དབང,as a prefix,དབང་པོ,དབང་ཕྱུག,,,,,,,,,,,,,,,,,,,,,,,,,,,,,,,,,,
,,,,,,,,,,,,,,,,,,,,,,,,,,,,,,,,,,,,,
དབུ,as a prefix,དབུ་སྐྲ,,,,,,,,,,,,,,,,,,,,,,,,,,,,,,,,,,,
,,,,,,,,,,,,,,,,,,,,,,,,,,,,,,,,,,,,,
འབུམ,as a prefix,འབུམ་ཕྲག,,,,,,,,,,,,,,,,,,,,,,,,,,,,,,,,,,,
,,,,,,,,,,,,,,,,,,,,,,,,,,,,,,,,,,,,,
འབྱོར,as a postfix,རྣལ་འབྱོར,རབ་འབྱོར,,,,,,,,,,,,,,,,,,,,,,,,,,,,,,,,,,
,,,,,,,,,,,,,,,,,,,,,,,,,,,,,,,,,,,,,
འབྲང,as a postfix,ཆོ་འབྲང,,,,,,,,,,,,,,,,,,,,,,,,,,,,,,,,,,,
,,,,,,,,,,,,,,,,,,,,,,,,,,,,,,,,,,,,,
འབྲས,as a prefix,འབྲས་ཆན,འབྲས་བུ,,,,,,,,,,,,,,,,,,,,,,,,,,,,,,,,,,
,,,,,,,,,,,,,,,,,,,,,,,,,,,,,,,,,,,,,
སྦལ,as a postfix,རུས་སྦལ,,,,,,,,,,,,,,,,,,,,,,,,,,,,,,,,,,,
,,,,,,,,,,,,,,,,,,,,,,,,,,,,,,,,,,,,,
སྦྱར,as a postfix,སྣམ་སྦྱར,,,,,,,,,,,,,,,,,,,,,,,,,,,,,,,,,,,
,,,,,,,,,,,,,,,,,,,,,,,,,,,,,,,,,,,,,
སྦྱོང,as a postfix,དགེ་སྦྱོང,,,,,,,,,,,,,,,,,,,,,,,,,,,,,,,,,,,
,,,,,,,,,,,,,,,,,,,,,,,,,,,,,,,,,,,,,
སྦྲང,as a prefix,སྦྲང་བུ,སྦྲང་མ,སྦྲང་རྩི,,,,,,,,,,,,,,,,,,,,,,,,,,,,,,,,,
སྦྲང,as a postfix,ལྕགས་སྦྲང,ཆུ་སྦྲང,ཤ་སྦྲང,,,,,,,,,,,,,,,,,,,,,,,,,,,,,,,,,
,,,,,,,,,,,,,,,,,,,,,,,,,,,,,,,,,,,,,
མ,as a prefix,མ་ནིང,མ་འོངས,མ་རབས,མ་རིག,མ་རུངས,མ་ཧེ,,,,,,,,,,,,,,,,,,,,,,,,,,,,,,
མ,as an infix,ཁ་ན་མ་ཐོ,ཅི་མ་རུང,འདུས་མ་བྱས,ཕྱེ་མ་ལེབ,བར་མ་དོ,ཟ་མ་ཏོག,,,,,,,,,,,,,,,,,,,,,,,,,,,,,,
མ,as a postfix,བཀོད་མ,རྐུན་མ,སྐར་མ,གོང་མ,གྲིབ་མ,གླེགས་མ,སྒྱུ་མ,སྔ་མ,ཉག་མ,ཉི་མ,ཐ་མ,དུ་མ,འདབ་མ,ནུ་མ,རྣལ་མ,པད་མ,ཕྱི་མ,བྱད་མ,བྱེ་མ,བླ་མ,སྦྲང་མ,སྦྲེལ་མ,སྨྱིག་མ,གཙང་མ,ཚད་མ,ཚེར་མ,མཚན་མ,ཞུན་མ,གཟོད་མ,འོག་མ,འོད་མ,གཤེད་མ,སིལ་མ,སློབ་མ,ལྷག་མ,ཨུ་མ
,,,,,,,,,,,,,,,,,,,,,,,,,,,,,,,,,,,,,
མང,as a prefix,མང་པོ,,,,,,,,,,,,,,,,,,,,,,,,,,,,,,,,,,,
,,,,,,,,,,,,,,,,,,,,,,,,,,,,,,,,,,,,,
མལ,as a prefix,མལ་ཆ,མལ་སྟན,,,,,,,,,,,,,,,,,,,,,,,,,,,,,,,,,,
མལ,as a postfix,ཐ་མལ,,,,,,,,,,,,,,,,,,,,,,,,,,,,,,,,,,,
,,,,,,,,,,,,,,,,,,,,,,,,,,,,,,,,,,,,,
མི,as a prefix,མི་དགེ,མི་རྟག,མི་གཙང,,,,,,,,,,,,,,,,,,,,,,,,,,,,,,,,,
,,,,,,,,,,,,,,,,,,,,,,,,,,,,,,,,,,,,,
མིག,as a postfix,ལྡེ་མིག,,,,,,,,,,,,,,,,,,,,,,,,,,,,,,,,,,,
,,,,,,,,,,,,,,,,,,,,,,,,,,,,,,,,,,,,,
མིན,as a postfix,འོག་མིན,,,,,,,,,,,,,,,,,,,,,,,,,,,,,,,,,,,
,,,,,,,,,,,,,,,,,,,,,,,,,,,,,,,,,,,,,
མུ,as a prefix,མུ་ཁྱུད,མུ་གེ,མུ་ཅོར,མུ་ཏིག,མུ་སྟེགས,,,,,,,,,,,,,,,,,,,,,,,,,,,,,,,
,,,,,,,,,,,,,,,,,,,,,,,,,,,,,,,,,,,,,
མུན,as a prefix,མུན་ཁུང,,,,,,,,,,,,,,,,,,,,,,,,,,,,,,,,,,,
,,,,,,,,,,,,,,,,,,,,,,,,,,,,,,,,,,,,,
མེ,as a prefix,མེ་ཏོག,མེ་སྟག,མེ་ཐབ,མེ་ཤེལ,,,,,,,,,,,,,,,,,,,,,,,,,,,,,,,,
མེ,as a postfix,མགལ་མེ,མདག་མེ,མར་མེ,,,,,,,,,,,,,,,,,,,,,,,,,,,,,,,,,
,,,,,,,,,,,,,,,,,,,,,,,,,,,,,,,,,,,,,
མེད,as a postfix,གྲངས་མེད,,,,,,,,,,,,,,,,,,,,,,,,,,,,,,,,,,,
,,,,,,,,,,,,,,,,,,,,,,,,,,,,,,,,,,,,,
མོ,as a prefix,མོ་གཤམ,,,,,,,,,,,,,,,,,,,,,,,,,,,,,,,,,,,
མོ,as an infix,དཀྱིལ་མོ་ཀྲུང,སྐྱིལ་མོ་ཀྲུང,,,,,,,,,,,,,,,,,,,,,,,,,,,,,,,,,,
མོ,as a postfix,ཁྱུད་མོ,གུང་མོ,གྱོ་མོ,ཆེ་གེ་མོ,སྟག་མོ,ཐབ་མོ,པད་མོ,པུས་མོ,ཕག་མོ,མོན་མོ,རྩུབ་མོ,རྩེ་མོ,མཛའ་མོ,མཛུབ་མོ,ཟབ་མོ,སེན་མོ,སོར་མོ,སྲིང་མོ,སྲིན་མོ,,,,,,,,,,,,,,,,,
,,,,,,,,,,,,,,,,,,,,,,,,,,,,,,,,,,,,,
མོངས,as a postfix,ཉོན་མོངས,,,,,,,,,,,,,,,,,,,,,,,,,,,,,,,,,,,
,,,,,,,,,,,,,,,,,,,,,,,,,,,,,,,,,,,,,
མོན,as a prefix,མོན་མོ,མོན་སྲན,,,,,,,,,,,,,,,,,,,,,,,,,,,,,,,,,,
,,,,,,,,,,,,,,,,,,,,,,,,,,,,,,,,,,,,,
དམག,as a prefix,དམག་དཔོན,,,,,,,,,,,,,,,,,,,,,,,,,,,,,,,,,,,
,,,,,,,,,,,,,,,,,,,,,,,,,,,,,,,,,,,,,
དམངས,as a prefix,དམངས་རིགས,,,,,,,,,,,,,,,,,,,,,,,,,,,,,,,,,,,
,,,,,,,,,,,,,,,,,,,,,,,,,,,,,,,,,,,,,
སྨ,as a prefix,སྨ་ར,,,,,,,,,,,,,,,,,,,,,,,,,,,,,,,,,,,
,,,,,,,,,,,,,,,,,,,,,,,,,,,,,,,,,,,,,
སྨེ,as a prefix,སྨེ་ཤ,,,,,,,,,,,,,,,,,,,,,,,,,,,,,,,,,,,
,,,,,,,,,,,,,,,,,,,,,,,,,,,,,,,,,,,,,
སྨོན,as a prefix,སྨོན་ལམ,,,,,,,,,,,,,,,,,,,,,,,,,,,,,,,,,,,
,,,,,,,,,,,,,,,,,,,,,,,,,,,,,,,,,,,,,
ཙམ,as a postfix,ཇི་ཙམ,འདི་ཙམ,ཡུད་ཙམ,,,,,,,,,,,,,,,,,,,,,,,,,,,,,,,,,
,,,,,,,,,,,,,,,,,,,,,,,,,,,,,,,,,,,,,
གཙང,as a prefix,གཙང་མ,,,,,,,,,,,,,,,,,,,,,,,,,,,,,,,,,,,
གཙང,as a postfix,མི་གཙང,,,,,,,,,,,,,,,,,,,,,,,,,,,,,,,,,,,
,,,,,,,,,,,,,,,,,,,,,,,,,,,,,,,,,,,,,
གཙུག,as a prefix,གཙུག་ཏོར,གཙུག་ཕུད,གཙུག་ལག,གཙུག་ལག་ཁང,,,,,,,,,,,,,,,,,,,,,,,,,,,,,,,,
གཙུག,as a postfix,སྤྱི་གཙུག,,,,,,,,,,,,,,,,,,,,,,,,,,,,,,,,,,,
,,,,,,,,,,,,,,,,,,,,,,,,,,,,,,,,,,,,,
གཙུག་ལག,as a prefix,གཙུག་ལག་ཁང,,,,,,,,,,,,,,,,,,,,,,,,,,,,,,,,,,,
,,,,,,,,,,,,,,,,,,,,,,,,,,,,,,,,,,,,,
རྩ,as an infix,ཉི་ཤུ་རྩ་གཉིས,སུམ་ཅུ་རྩ་གཉིས,སུམ་ཅུ་རྩ་བདུན,སུམ་ཅུ་རྩ་གསུམ,,,,,,,,,,,,,,,,,,,,,,,,,,,,,,,,
,,,,,,,,,,,,,,,,,,,,,,,,,,,,,,,,,,,,,
རྩལ,as a postfix,སྒྱུ་རྩལ,,,,,,,,,,,,,,,,,,,,,,,,,,,,,,,,,,,
,,,,,,,,,,,,,,,,,,,,,,,,,,,,,,,,,,,,,
རྩུབ,as a prefix,རྩུབ་མོ,,,,,,,,,,,,,,,,,,,,,,,,,,,,,,,,,,,
རྩུབ,as a postfix,གདུག་རྩུབ,,,,,,,,,,,,,,,,,,,,,,,,,,,,,,,,,,,
,,,,,,,,,,,,,,,,,,,,,,,,,,,,,,,,,,,,,
རྩེ,as a prefix,རྩེ་མོ,,,,,,,,,,,,,,,,,,,,,,,,,,,,,,,,,,,
,,,,,,,,,,,,,,,,,,,,,,,,,,,,,,,,,,,,,
བརྩོན,as a prefix,བརྩོན་འགྲུས,,,,,,,,,,,,,,,,,,,,,,,,,,,,,,,,,,,
,,,,,,,,,,,,,,,,,,,,,,,,,,,,,,,,,,,,,
ཚ,as a postfix,ངོ་ཚ,བག་ཚ,,,,,,,,,,,,,,,,,,,,,,,,,,,,,,,,,,
,,,,,,,,,,,,,,,,,,,,,,,,,,,,,,,,,,,,,
ཚངས,as a prefix,ཚངས་རིས,,,,,,,,,,,,,,,,,,,,,,,,,,,,,,,,,,,
,,,,,,,,,,,,,,,,,,,,,,,,,,,,,,,,,,,,,
ཚད,as a prefix,ཚད་མ,,,,,,,,,,,,,,,,,,,,,,,,,,,,,,,,,,,
ཚད,as a postfix,དཔག་ཚད,,,,,,,,,,,,,,,,,,,,,,,,,,,,,,,,,,,
,,,,,,,,,,,,,,,,,,,,,,,,,,,,,,,,,,,,,
ཚིག,as a postfix,ཐ་ཚིག,,,,,,,,,,,,,,,,,,,,,,,,,,,,,,,,,,,
,,,,,,,,,,,,,,,,,,,,,,,,,,,,,,,,,,,,,
ཚིལ,as a postfix,སྤྲ་ཚིལ,,,,,,,,,,,,,,,,,,,,,,,,,,,,,,,,,,,
,,,,,,,,,,,,,,,,,,,,,,,,,,,,,,,,,,,,,
ཚུ,as a prefix,ཚུ་རོལ,,,,,,,,,,,,,,,,,,,,,,,,,,,,,,,,,,,
,,,,,,,,,,,,,,,,,,,,,,,,,,,,,,,,,,,,,
ཚུལ,as a prefix,ཚུལ་ཁྲིམས,,,,,,,,,,,,,,,,,,,,,,,,,,,,,,,,,,,
,,,,,,,,,,,,,,,,,,,,,,,,,,,,,,,,,,,,,
ཚེ,as a prefix,ཚེ་རབས,,,,,,,,,,,,,,,,,,,,,,,,,,,,,,,,,,,
ཚེ,as a postfix,ཉི་ཚེ,,,,,,,,,,,,,,,,,,,,,,,,,,,,,,,,,,,
,,,,,,,,,,,,,,,,,,,,,,,,,,,,,,,,,,,,,
ཚེག,as a prefix,ཚེག་དྲག,,,,,,,,,,,,,,,,,,,,,,,,,,,,,,,,,,,
,,,,,,,,,,,,,,,,,,,,,,,,,,,,,,,,,,,,,
ཚོགས,as a postfix,སྣ་ཚོགས,ཕུན་ཚོགས,,,,,,,,,,,,,,,,,,,,,,,,,,,,,,,,,,
,,,,,,,,,,,,,,,,,,,,,,,,,,,,,,,,,,,,,
ཚོང,as a prefix,ཚོང་དཔོན,,,,,,,,,,,,,,,,,,,,,,,,,,,,,,,,,,,
,,,,,,,,,,,,,,,,,,,,,,,,,,,,,,,,,,,,,
ཚྭ,as a postfix,ལན་ཚྭ,,,,,,,,,,,,,,,,,,,,,,,,,,,,,,,,,,,
,,,,,,,,,,,,,,,,,,,,,,,,,,,,,,,,,,,,,
མཚན,as a prefix,མཚན་ཉིད,མཚན་མ,,,,,,,,,,,,,,,,,,,,,,,,,,,,,,,,,,
མཚན,as a postfix,རྒྱུ་མཚན,,,,,,,,,,,,,,,,,,,,,,,,,,,,,,,,,,,
,,,,,,,,,,,,,,,,,,,,,,,,,,,,,,,,,,,,,
མཚམས,as a postfix,ཉིང་མཚམས,གཉེན་མཚམས,,,,,,,,,,,,,,,,,,,,,,,,,,,,,,,,,,
,,,,,,,,,,,,,,,,,,,,,,,,,,,,,,,,,,,,,
མཚར,as a postfix,ངོ་མཚར,,,,,,,,,,,,,,,,,,,,,,,,,,,,,,,,,,,
,,,,,,,,,,,,,,,,,,,,,,,,,,,,,,,,,,,,,
མཚོ,as a postfix,རྒྱ་མཚོ,,,,,,,,,,,,,,,,,,,,,,,,,,,,,,,,,,,
,,,,,,,,,,,,,,,,,,,,,,,,,,,,,,,,,,,,,
མཛའ,as a prefix,མཛའ་བོ,མཛའ་མོ,མཛའ་བཤེས,,,,,,,,,,,,,,,,,,,,,,,,,,,,,,,,,
,,,,,,,,,,,,,,,,,,,,,,,,,,,,,,,,,,,,,
མཛུབ,as a prefix,མཛུབ་མོ,,,,,,,,,,,,,,,,,,,,,,,,,,,,,,,,,,,
,,,,,,,,,,,,,,,,,,,,,,,,,,,,,,,,,,,,,
མཛོད,as a postfix,བང་མཛོད,,,,,,,,,,,,,,,,,,,,,,,,,,,,,,,,,,,
,,,,,,,,,,,,,,,,,,,,,,,,,,,,,,,,,,,,,
འཛིན,as a postfix,ཏིང་ངེ་འཛིན,ཏིང་འཛིན,,,,,,,,,,,,,,,,,,,,,,,,,,,,,,,,,,
,,,,,,,,,,,,,,,,,,,,,,,,,,,,,,,,,,,,,
ཝ,as a prefix,ཝ་སྐྱེས,,,,,,,,,,,,,,,,,,,,,,,,,,,,,,,,,,,
,,,,,,,,,,,,,,,,,,,,,,,,,,,,,,,,,,,,,
ཞི,as a prefix,ཞི་གནས,,,,,,,,,,,,,,,,,,,,,,,,,,,,,,,,,,,
,,,,,,,,,,,,,,,,,,,,,,,,,,,,,,,,,,,,,
ཞིག,as a postfix,གང་ཞིག,འགའ་ཞིག,ཅི་ཞིག,འབའ་ཞིག,རེ་ཞིག,སུ་ཞིག,,,,,,,,,,,,,,,,,,,,,,,,,,,,,,
,,,,,,,,,,,,,,,,,,,,,,,,,,,,,,,,,,,,,
ཞུན,as a prefix,ཞུན་མ,ཞུན་མར,,,,,,,,,,,,,,,,,,,,,,,,,,,,,,,,,,
ཞུན,as a postfix,བྲག་ཞུན,,,,,,,,,,,,,,,,,,,,,,,,,,,,,,,,,,,
,,,,,,,,,,,,,,,,,,,,,,,,,,,,,,,,,,,,,
ཞེ,as a prefix,ཞེ་སྡང,ཞེ་ན,,,,,,,,,,,,,,,,,,,,,,,,,,,,,,,,,,
,,,,,,,,,,,,,,,,,,,,,,,,,,,,,,,,,,,,,
གཞན,as a prefix,གཞན་དག,,,,,,,,,,,,,,,,,,,,,,,,,,,,,,,,,,,
,,,,,,,,,,,,,,,,,,,,,,,,,,,,,,,,,,,,,
གཞི,as a postfix,དངོས་གཞི,,,,,,,,,,,,,,,,,,,,,,,,,,,,,,,,,,,
,,,,,,,,,,,,,,,,,,,,,,,,,,,,,,,,,,,,,
གཞོན,as a prefix,གཞོན་ནུ,,,,,,,,,,,,,,,,,,,,,,,,,,,,,,,,,,,
,,,,,,,,,,,,,,,,,,,,,,,,,,,,,,,,,,,,,
བཞི,as a prefix,བཞི་པོ,,,,,,,,,,,,,,,,,,,,,,,,,,,,,,,,,,,
བཞི,as a postfix,བཅུ་བཞི,,,,,,,,,,,,,,,,,,,,,,,,,,,,,,,,,,,
,,,,,,,,,,,,,,,,,,,,,,,,,,,,,,,,,,,,,
བཞིན,as an infix,དེ་བཞིན་ཉིད,,,,,,,,,,,,,,,,,,,,,,,,,,,,,,,,,,,
བཞིན,as a postfix,ཇི་བཞིན,བྱད་བཞིན,རང་བཞིན,,,,,,,,,,,,,,,,,,,,,,,,,,,,,,,,,
,,,,,,,,,,,,,,,,,,,,,,,,,,,,,,,,,,,,,
ཟག,as a postfix,གང་ཟག,,,,,,,,,,,,,,,,,,,,,,,,,,,,,,,,,,,
,,,,,,,,,,,,,,,,,,,,,,,,,,,,,,,,,,,,,
ཟད,as a postfix,ཅུང་ཟད,,,,,,,,,,,,,,,,,,,,,,,,,,,,,,,,,,,
,,,,,,,,,,,,,,,,,,,,,,,,,,,,,,,,,,,,,
ཟན,as a postfix,གཅན་ཟན,,,,,,,,,,,,,,,,,,,,,,,,,,,,,,,,,,,
,,,,,,,,,,,,,,,,,,,,,,,,,,,,,,,,,,,,,
ཟབ,as a prefix,ཟབ་མོ,,,,,,,,,,,,,,,,,,,,,,,,,,,,,,,,,,,
,,,,,,,,,,,,,,,,,,,,,,,,,,,,,,,,,,,,,
ཟས,as a postfix,ཁ་ཟས,,,,,,,,,,,,,,,,,,,,,,,,,,,,,,,,,,,
,,,,,,,,,,,,,,,,,,,,,,,,,,,,,,,,,,,,,
ཟླ,as a postfix,སྤུན་ཟླ,,,,,,,,,,,,,,,,,,,,,,,,,,,,,,,,,,,
,,,,,,,,,,,,,,,,,,,,,,,,,,,,,,,,,,,,,
གཟི,as a prefix,གཟི་བརྗིད,,,,,,,,,,,,,,,,,,,,,,,,,,,,,,,,,,,
,,,,,,,,,,,,,,,,,,,,,,,,,,,,,,,,,,,,,
གཟུ,as a prefix,གཟུ་ལུམས,,,,,,,,,,,,,,,,,,,,,,,,,,,,,,,,,,,
,,,,,,,,,,,,,,,,,,,,,,,,,,,,,,,,,,,,,
གཟུགས,as a postfix,བྱད་གཟུགས,,,,,,,,,,,,,,,,,,,,,,,,,,,,,,,,,,,
,,,,,,,,,,,,,,,,,,,,,,,,,,,,,,,,,,,,,
གཟོད,as a prefix,གཟོད་མ,,,,,,,,,,,,,,,,,,,,,,,,,,,,,,,,,,,
,,,,,,,,,,,,,,,,,,,,,,,,,,,,,,,,,,,,,
བཟང,as a prefix,བཟང་པོ,,,,,,,,,,,,,,,,,,,,,,,,,,,,,,,,,,,
,,,,,,,,,,,,,,,,,,,,,,,,,,,,,,,,,,,,,
འོ,as a prefix,འོ་ན,,,,,,,,,,,,,,,,,,,,,,,,,,,,,,,,,,,
,,,,,,,,,,,,,,,,,,,,,,,,,,,,,,,,,,,,,
འོག,as a prefix,འོག་མ,འོག་མིན,,,,,,,,,,,,,,,,,,,,,,,,,,,,,,,,,,
,,,,,,,,,,,,,,,,,,,,,,,,,,,,,,,,,,,,,
འོངས,as a postfix,མ་འོངས,,,,,,,,,,,,,,,,,,,,,,,,,,,,,,,,,,,
,,,,,,,,,,,,,,,,,,,,,,,,,,,,,,,,,,,,,
འོད,as a prefix,འོད་མ,,,,,,,,,,,,,,,,,,,,,,,,,,,,,,,,,,,
,,,,,,,,,,,,,,,,,,,,,,,,,,,,,,,,,,,,,
འོན,as a prefix,འོན་ཀྱང,འོན་ཏེ,,,,,,,,,,,,,,,,,,,,,,,,,,,,,,,,,,
,,,,,,,,,,,,,,,,,,,,,,,,,,,,,,,,,,,,,
ཡ,as a prefix,ཡ་ང་བ,ཡ་ཡོ,ཡ་རབས,,,,,,,,,,,,,,,,,,,,,,,,,,,,,,,,,
,,,,,,,,,,,,,,,,,,,,,,,,,,,,,,,,,,,,,
ཡང,as a prefix,ཡང་དག,ཡང་ན,,,,,,,,,,,,,,,,,,,,,,,,,,,,,,,,,,
ཡང,as a postfix,ཅི་ཡང,དེ་ཡང,,,,,,,,,,,,,,,,,,,,,,,,,,,,,,,,,,
,,,,,,,,,,,,,,,,,,,,,,,,,,,,,,,,,,,,,
ཡངས,as a prefix,ཡངས་པ,,,,,,,,,,,,,,,,,,,,,,,,,,,,,,,,,,,
,,,,,,,,,,,,,,,,,,,,,,,,,,,,,,,,,,,,,
ཡི,as a prefix,ཡི་གེ,ཡི་དགས,ཡི་དྭགས,,,,,,,,,,,,,,,,,,,,,,,,,,,,,,,,,
,,,,,,,,,,,,,,,,,,,,,,,,,,,,,,,,,,,,,
ཡིག,as a prefix,ཡིག་འབྲུ,,,,,,,,,,,,,,,,,,,,,,,,,,,,,,,,,,,
ཡིག,as a postfix,སྤྲིང་ཡིག,,,,,,,,,,,,,,,,,,,,,,,,,,,,,,,,,,,
,,,,,,,,,,,,,,,,,,,,,,,,,,,,,,,,,,,,,
ཡུངས,as a prefix,ཡུངས་ཀར,ཡུངས་ནག,,,,,,,,,,,,,,,,,,,,,,,,,,,,,,,,,,
,,,,,,,,,,,,,,,,,,,,,,,,,,,,,,,,,,,,,
ཡུད,as a prefix,ཡུད་ཙམ,,,,,,,,,,,,,,,,,,,,,,,,,,,,,,,,,,,
,,,,,,,,,,,,,,,,,,,,,,,,,,,,,,,,,,,,,
ཡུལ,as a prefix,ཡུལ་ཅན,,,,,,,,,,,,,,,,,,,,,,,,,,,,,,,,,,,
,,,,,,,,,,,,,,,,,,,,,,,,,,,,,,,,,,,,,
ཡེ,as a prefix,ཡེ་ཤེས,,,,,,,,,,,,,,,,,,,,,,,,,,,,,,,,,,,
,,,,,,,,,,,,,,,,,,,,,,,,,,,,,,,,,,,,,
ཡོངས,as a prefix,ཡོངས་སུ,,,,,,,,,,,,,,,,,,,,,,,,,,,,,,,,,,,
,,,,,,,,,,,,,,,,,,,,,,,,,,,,,,,,,,,,,
ཡོན,as a prefix,ཡོན་ཆབ,ཡོན་ཏན,,,,,,,,,,,,,,,,,,,,,,,,,,,,,,,,,,
ཡོན,as a postfix,ཕན་ཡོན,,,,,,,,,,,,,,,,,,,,,,,,,,,,,,,,,,,
,,,,,,,,,,,,,,,,,,,,,,,,,,,,,,,,,,,,,
གཡང,as a prefix,གཡང་ས,,,,,,,,,,,,,,,,,,,,,,,,,,,,,,,,,,,
,,,,,,,,,,,,,,,,,,,,,,,,,,,,,,,,,,,,,
ར,as a postfix,སྐྱུ་རུ་ར,སྨ་ར,བཙོན་ར,,,,,,,,,,,,,,,,,,,,,,,,,,,,,,,,,
,,,,,,,,,,,,,,,,,,,,,,,,,,,,,,,,,,,,,
རགས,as a postfix,སྐ་རགས,སྐེ་རགས,,,,,,,,,,,,,,,,,,,,,,,,,,,,,,,,,,
,,,,,,,,,,,,,,,,,,,,,,,,,,,,,,,,,,,,,
རང,as a prefix,རང་ཉིད,རང་བཞིན,,,,,,,,,,,,,,,,,,,,,,,,,,,,,,,,,,
,,,,,,,,,,,,,,,,,,,,,,,,,,,,,,,,,,,,,
རབ,as a prefix,རབ་ཏུ,རབ་འབྱོར,རབ་རིབ,,,,,,,,,,,,,,,,,,,,,,,,,,,,,,,,,
རབ,as a postfix,རི་རབ,ཤེས་རབ,,,,,,,,,,,,,,,,,,,,,,,,,,,,,,,,,,
,,,,,,,,,,,,,,,,,,,,,,,,,,,,,,,,,,,,,
རབས,as a postfix,རྒན་རབས,ཕྱི་རབས,མ་རབས,ཚེ་རབས,ཡ་རབས,,,,,,,,,,,,,,,,,,,,,,,,,,,,,,,
,,,,,,,,,,,,,,,,,,,,,,,,,,,,,,,,,,,,,
རམ,as an infix,བུ་རམ་ཤིང,,,,,,,,,,,,,,,,,,,,,,,,,,,,,,,,,,,
,,,,,,,,,,,,,,,,,,,,,,,,,,,,,,,,,,,,,
རི,as a prefix,རི་དྭགས,རི་བོང,རི་རབ,,,,,,,,,,,,,,,,,,,,,,,,,,,,,,,,,
,,,,,,,,,,,,,,,,,,,,,,,,,,,,,,,,,,,,,
རིག,as a postfix,མ་རིག,,,,,,,,,,,,,,,,,,,,,,,,,,,,,,,,,,,
,,,,,,,,,,,,,,,,,,,,,,,,,,,,,,,,,,,,,
རིགས,as a postfix,རྒྱལ་རིགས,ཅི་རིགས,དམངས་རིགས,,,,,,,,,,,,,,,,,,,,,,,,,,,,,,,,,
,,,,,,,,,,,,,,,,,,,,,,,,,,,,,,,,,,,,,
རིང,as a prefix,རིང་པོ,,,,,,,,,,,,,,,,,,,,,,,,,,,,,,,,,,,
རིང,as a postfix,མཆུ་རིང,,,,,,,,,,,,,,,,,,,,,,,,,,,,,,,,,,,
,,,,,,,,,,,,,,,,,,,,,,,,,,,,,,,,,,,,,
རིན,as a prefix,རིན་ཆེན,རིན་ཐང,རིན་པོ་ཆེ,,,,,,,,,,,,,,,,,,,,,,,,,,,,,,,,,
,,,,,,,,,,,,,,,,,,,,,,,,,,,,,,,,,,,,,
རིམ,as a prefix,རིམ་གྲོ,,,,,,,,,,,,,,,,,,,,,,,,,,,,,,,,,,,
,,,,,,,,,,,,,,,,,,,,,,,,,,,,,,,,,,,,,
རིམས,as a prefix,རིམས་ནད,,,,,,,,,,,,,,,,,,,,,,,,,,,,,,,,,,,
རིམས,as a postfix,གོ་རིམས,,,,,,,,,,,,,,,,,,,,,,,,,,,,,,,,,,,
,,,,,,,,,,,,,,,,,,,,,,,,,,,,,,,,,,,,,
རིས,as a postfix,ཚངས་རིས,,,,,,,,,,,,,,,,,,,,,,,,,,,,,,,,,,,
,,,,,,,,,,,,,,,,,,,,,,,,,,,,,,,,,,,,,
རུང,as a postfix,ཅི་མ་རུང,,,,,,,,,,,,,,,,,,,,,,,,,,,,,,,,,,,
,,,,,,,,,,,,,,,,,,,,,,,,,,,,,,,,,,,,,
རུས,as a prefix,རུས་སྦལ,,,,,,,,,,,,,,,,,,,,,,,,,,,,,,,,,,,
,,,,,,,,,,,,,,,,,,,,,,,,,,,,,,,,,,,,,
རོ,as a prefix,རོ་ཙ,,,,,,,,,,,,,,,,,,,,,,,,,,,,,,,,,,,
,,,,,,,,,,,,,,,,,,,,,,,,,,,,,,,,,,,,,
རོལ,as a postfix,སྔ་རོལ,ཕ་རོལ,ཚུ་རོལ,,,,,,,,,,,,,,,,,,,,,,,,,,,,,,,,,
,,,,,,,,,,,,,,,,,,,,,,,,,,,,,,,,,,,,,
རླབས,as a prefix,རླབས་པོ་ཆེ,,,,,,,,,,,,,,,,,,,,,,,,,,,,,,,,,,,
,,,,,,,,,,,,,,,,,,,,,,,,,,,,,,,,,,,,,
ལ,as a prefix,ལ་ལ,ལ་སོགས,,,,,,,,,,,,,,,,,,,,,,,,,,,,,,,,,,
ལ,as a postfix,ལ་ལ,,,,,,,,,,,,,,,,,,,,,,,,,,,,,,,,,,,
,,,,,,,,,,,,,,,,,,,,,,,,,,,,,,,,,,,,,
ལག,as an infix,གཙུག་ལག་ཁང,,,,,,,,,,,,,,,,,,,,,,,,,,,,,,,,,,,
ལག,as a postfix,ཁོ་ལག,ཉིང་ལག,གཙུག་ལག,ཡན་ལག,སྲིན་ལག,,,,,,,,,,,,,,,,,,,,,,,,,,,,,,,
,,,,,,,,,,,,,,,,,,,,,,,,,,,,,,,,,,,,,
ལན,as a prefix,ལན་ཚྭ,,,,,,,,,,,,,,,,,,,,,,,,,,,,,,,,,,,
,,,,,,,,,,,,,,,,,,,,,,,,,,,,,,,,,,,,,
ལམ,as a prefix,ལམ་པོ་ཆེ,,,,,,,,,,,,,,,,,,,,,,,,,,,,,,,,,,,
ལམ,as a postfix,སྤྱོད་ལམ,རྨི་ལམ,སྨོན་ལམ,,,,,,,,,,,,,,,,,,,,,,,,,,,,,,,,,
,,,,,,,,,,,,,,,,,,,,,,,,,,,,,,,,,,,,,
ལས,as a postfix,ཕྲིན་ལས,,,,,,,,,,,,,,,,,,,,,,,,,,,,,,,,,,,
,,,,,,,,,,,,,,,,,,,,,,,,,,,,,,,,,,,,,
ལེན,as a postfix,བཅུད་ལེན,,,,,,,,,,,,,,,,,,,,,,,,,,,,,,,,,,,
,,,,,,,,,,,,,,,,,,,,,,,,,,,,,,,,,,,,,
ལོ,as a postfix,འཁོར་ལོ,ཆོ་ལོ,ལེ་ལོ,,,,,,,,,,,,,,,,,,,,,,,,,,,,,,,,,
,,,,,,,,,,,,,,,,,,,,,,,,,,,,,,,,,,,,,
ལོངས,as a prefix,ལོངས་སྤྱོད,,,,,,,,,,,,,,,,,,,,,,,,,,,,,,,,,,,
,,,,,,,,,,,,,,,,,,,,,,,,,,,,,,,,,,,,,
ཤ,as a prefix,ཤ་སྟག,ཤ་སྦྲང,,,,,,,,,,,,,,,,,,,,,,,,,,,,,,,,,,
ཤ,as a postfix,སྨེ་ཤ,,,,,,,,,,,,,,,,,,,,,,,,,,,,,,,,,,,
,,,,,,,,,,,,,,,,,,,,,,,,,,,,,,,,,,,,,
ཤལ,as a postfix,ཐ་ཤལ,དོ་ཤལ,,,,,,,,,,,,,,,,,,,,,,,,,,,,,,,,,,
,,,,,,,,,,,,,,,,,,,,,,,,,,,,,,,,,,,,,
ཤིང,as a postfix,འཁྲི་ཤིང,ལྗོན་ཤིང,གཉའ་ཤིང,བུ་རམ་ཤིང,བུད་ཤིང,ཡམ་ཤིང,,,,,,,,,,,,,,,,,,,,,,,,,,,,,,
,,,,,,,,,,,,,,,,,,,,,,,,,,,,,,,,,,,,,
ཤིན,as a prefix,ཤིན་ཏུ,,,,,,,,,,,,,,,,,,,,,,,,,,,,,,,,,,,
,,,,,,,,,,,,,,,,,,,,,,,,,,,,,,,,,,,,,
ཤུན,as a postfix,མཐིང་ཤུན,,,,,,,,,,,,,,,,,,,,,,,,,,,,,,,,,,,
,,,,,,,,,,,,,,,,,,,,,,,,,,,,,,,,,,,,,
ཤུལ,as a postfix,དྲག་ཤུལ,,,,,,,,,,,,,,,,,,,,,,,,,,,,,,,,,,,
,,,,,,,,,,,,,,,,,,,,,,,,,,,,,,,,,,,,,
ཤེལ,as a prefix,ཤེལ་སྒོང,,,,,,,,,,,,,,,,,,,,,,,,,,,,,,,,,,,
ཤེལ,as a postfix,ཆུ་ཤེལ,པུ་ཤེལ,མན་ཤེལ,མེ་ཤེལ,,,,,,,,,,,,,,,,,,,,,,,,,,,,,,,,
,,,,,,,,,,,,,,,,,,,,,,,,,,,,,,,,,,,,,
ཤེས,as a prefix,ཤེས་བྱ,ཤེས་རབ,,,,,,,,,,,,,,,,,,,,,,,,,,,,,,,,,,
ཤེས,as a postfix,ཅང་ཤེས,རྟ་ཅང་ཤེས,འདུ་ཤེས,ཡེ་ཤེས,,,,,,,,,,,,,,,,,,,,,,,,,,,,,,,,
,,,,,,,,,,,,,,,,,,,,,,,,,,,,,,,,,,,,,
གཤེད,as a prefix,གཤེད་མ,,,,,,,,,,,,,,,,,,,,,,,,,,,,,,,,,,,
,,,,,,,,,,,,,,,,,,,,,,,,,,,,,,,,,,,,,
བཤེས,as a prefix,བཤེས་གཉེན,,,,,,,,,,,,,,,,,,,,,,,,,,,,,,,,,,,
བཤེས,as a postfix,མཛའ་བཤེས,,,,,,,,,,,,,,,,,,,,,,,,,,,,,,,,,,,
,,,,,,,,,,,,,,,,,,,,,,,,,,,,,,,,,,,,,
ས,as a prefix,ས་ཁུང,ས་བོན,ས་ལེ,ས་ལེ་སྦྲམ,,,,,,,,,,,,,,,,,,,,,,,,,,,,,,,,
ས,as a postfix,གཡང་ས,,,,,,,,,,,,,,,,,,,,,,,,,,,,,,,,,,,
,,,,,,,,,,,,,,,,,,,,,,,,,,,,,,,,,,,,,
ས་ལེ,as a prefix,ས་ལེ་སྦྲམ,,,,,,,,,,,,,,,,,,,,,,,,,,,,,,,,,,,
,,,,,,,,,,,,,,,,,,,,,,,,,,,,,,,,,,,,,
སང,as a prefix,སང་ཕོད,,,,,,,,,,,,,,,,,,,,,,,,,,,,,,,,,,,
སང,as a postfix,དེང་སང,,,,,,,,,,,,,,,,,,,,,,,,,,,,,,,,,,,
,,,,,,,,,,,,,,,,,,,,,,,,,,,,,,,,,,,,,
སངས,as a prefix,སངས་རྒྱས,,,,,,,,,,,,,,,,,,,,,,,,,,,,,,,,,,,
,,,,,,,,,,,,,,,,,,,,,,,,,,,,,,,,,,,,,
སིལ,as a prefix,སིལ་སྙན,སིལ་བུ,སིལ་མ,,,,,,,,,,,,,,,,,,,,,,,,,,,,,,,,,
,,,,,,,,,,,,,,,,,,,,,,,,,,,,,,,,,,,,,
སུ,as a prefix,སུ་ཞིག,,,,,,,,,,,,,,,,,,,,,,,,,,,,,,,,,,,
སུ,as a postfix,རྗེས་སུ,ཡོངས་སུ,,,,,,,,,,,,,,,,,,,,,,,,,,,,,,,,,,
,,,,,,,,,,,,,,,,,,,,,,,,,,,,,,,,,,,,,
སུམ་ཅུ,as a prefix,སུམ་ཅུ་རྩ་གཉིས,སུམ་ཅུ་རྩ་བདུན,སུམ་ཅུ་རྩ་གསུམ,,,,,,,,,,,,,,,,,,,,,,,,,,,,,,,,,
,,,,,,,,,,,,,,,,,,,,,,,,,,,,,,,,,,,,,
སེ,as a prefix,སེ་གོལ,སེ་རལ,,,,,,,,,,,,,,,,,,,,,,,,,,,,,,,,,,
,,,,,,,,,,,,,,,,,,,,,,,,,,,,,,,,,,,,,
སེན,as a prefix,སེན་མོ,,,,,,,,,,,,,,,,,,,,,,,,,,,,,,,,,,,
,,,,,,,,,,,,,,,,,,,,,,,,,,,,,,,,,,,,,
སེམས,as a prefix,སེམས་ཅན,སེམས་དཔའ,,,,,,,,,,,,,,,,,,,,,,,,,,,,,,,,,,
སེམས,as a postfix,རློམ་སེམས,,,,,,,,,,,,,,,,,,,,,,,,,,,,,,,,,,,
,,,,,,,,,,,,,,,,,,,,,,,,,,,,,,,,,,,,,
སོ,as a prefix,སོ་སོ,,,,,,,,,,,,,,,,,,,,,,,,,,,,,,,,,,,
སོ,as a postfix,སོ་སོ,,,,,,,,,,,,,,,,,,,,,,,,,,,,,,,,,,,
,,,,,,,,,,,,,,,,,,,,,,,,,,,,,,,,,,,,,
སོང,as a postfix,ངན་སོང,,,,,,,,,,,,,,,,,,,,,,,,,,,,,,,,,,,
,,,,,,,,,,,,,,,,,,,,,,,,,,,,,,,,,,,,,
སྲིད,as a postfix,རྒྱལ་སྲིད,ཇི་སྲིད,དེ་སྲིད,,,,,,,,,,,,,,,,,,,,,,,,,,,,,,,,,
,,,,,,,,,,,,,,,,,,,,,,,,,,,,,,,,,,,,,
སྲིན,as a prefix,སྲིན་པོ,སྲིན་བུ,སྲིན་བྱ,སྲིན་མོ,སྲིན་ལག,,,,,,,,,,,,,,,,,,,,,,,,,,,,,,,
སྲིན,as a postfix,ཆུ་སྲིན,ལྷ་སྲིན,,,,,,,,,,,,,,,,,,,,,,,,,,,,,,,,,,
,,,,,,,,,,,,,,,,,,,,,,,,,,,,,,,,,,,,,
སྲོག,as a prefix,སྲོག་ཆགས,,,,,,,,,,,,,,,,,,,,,,,,,,,,,,,,,,,
,,,,,,,,,,,,,,,,,,,,,,,,,,,,,,,,,,,,,
སླད,as an infix,ཅིའི་སླད་དུ,,,,,,,,,,,,,,,,,,,,,,,,,,,,,,,,,,,
,,,,,,,,,,,,,,,,,,,,,,,,,,,,,,,,,,,,,
སློང,as a postfix,དགེ་སློང,,,,,,,,,,,,,,,,,,,,,,,,,,,,,,,,,,,
,,,,,,,,,,,,,,,,,,,,,,,,,,,,,,,,,,,,,
སློབ,as a prefix,སློབ་དཔོན,སློབ་མ,,,,,,,,,,,,,,,,,,,,,,,,,,,,,,,,,,
,,,,,,,,,,,,,,,,,,,,,,,,,,,,,,,,,,,,,
གསལ,as a prefix,གསལ་ལེ་,,,,,,,,,,,,,,,,,,,,,,,,,,,,,,,,,,,
,,,,,,,,,,,,,,,,,,,,,,,,,,,,,,,,,,,,,
གསུམ,as a prefix,གསུམ་ཅ,གསུམ་པོ,,,,,,,,,,,,,,,,,,,,,,,,,,,,,,,,,,
གསུམ,as a postfix,བཅུ་གསུམ,སུམ་ཅུ་རྩ་གསུམ,,,,,,,,,,,,,,,,,,,,,,,,,,,,,,,,,,
,,,,,,,,,,,,,,,,,,,,,,,,,,,,,,,,,,,,,
གསུས,as a prefix,གསུས་ཁྱིམ,གསུས་ལྕི,གསུས་གཟེར,,,,,,,,,,,,,,,,,,,,,,,,,,,,,,,,,
,,,,,,,,,,,,,,,,,,,,,,,,,,,,,,,,,,,,,
བསམ,as a prefix,བསམ་གཏན,,,,,,,,,,,,,,,,,,,,,,,,,,,,,,,,,,,
,,,,,,,,,,,,,,,,,,,,,,,,,,,,,,,,,,,,,
ཧ,as a prefix,ཧ་ཅང,,,,,,,,,,,,,,,,,,,,,,,,,,,,,,,,,,,
,,,,,,,,,,,,,,,,,,,,,,,,,,,,,,,,,,,,,
ལྷ,as a prefix,ལྷ་སྲིན,,,,,,,,,,,,,,,,,,,,,,,,,,,,,,,,,,,
,,,,,,,,,,,,,,,,,,,,,,,,,,,,,,,,,,,,,
ལྷག,as a prefix,ལྷག་མཐོང,ལྷག་མ,,,,,,,,,,,,,,,,,,,,,,,,,,,,,,,,,,
,,,,,,,,,,,,,,,,,,,,,,,,,,,,,,,,,,,,,
ལྷན,as a prefix,ལྷན་ཅིག,,,,,,,,,,,,,,,,,,,,,,,,,,,,,,,,,,,
,,,,,,,,,,,,,,,,,,,,,,,,,,,,,,,,,,,,,
ལྷུང,as a prefix,ལྷུང་བཟེད,,,,,,,,,,,,,,,,,,,,,,,,,,,,,,,,,,,
,,,,,,,,,,,,,,,,,,,,,,,,,,,,,,,,,,,,,
